[{"model": "admin.logentry", "pk": 1, "fields": {"action_time": "2023-06-04T11:24:43.127Z", "user": 1, "content_type": 8, "object_id": "1", "object_repr": "Test", "action_flag": 1, "change_message": "[{\"added\": {}}]"}}, {"model": "admin.logentry", "pk": 2, "fields": {"action_time": "2023-06-04T11:25:53.769Z", "user": 1, "content_type": 8, "object_id": "1", "object_repr": "Test", "action_flag": 2, "change_message": "[{\"changed\": {\"fields\": [\"Image\"]}}]"}}, {"model": "admin.logentry", "pk": 3, "fields": {"action_time": "2023-06-04T12:36:19.547Z", "user": 1, "content_type": 10, "object_id": "1", "object_repr": "Test Category", "action_flag": 1, "change_message": "[{\"added\": {}}]"}}, {"model": "admin.logentry", "pk": 4, "fields": {"action_time": "2023-06-04T12:37:07.486Z", "user": 1, "content_type": 11, "object_id": "1", "object_repr": "Image description", "action_flag": 1, "change_message": "[{\"added\": {}}]"}}, {"model": "admin.logentry", "pk": 5, "fields": {"action_time": "2023-06-04T12:43:08.490Z", "user": 1, "content_type": 13, "object_id": "1", "object_repr": "Test TAG", "action_flag": 1, "change_message": "[{\"added\": {}}]"}}, {"model": "admin.logentry", "pk": 6, "fields": {"action_time": "2023-06-04T12:43:41.011Z", "user": 1, "content_type": 12, "object_id": "1", "object_repr": "Test Product", "action_flag": 1, "change_message": "[{\"added\": {}}]"}}, {"model": "admin.logentry", "pk": 7, "fields": {"action_time": "2023-06-04T12:43:56.973Z", "user": 1, "content_type": 9, "object_id": "1", "object_repr": "Review by TestAuthor for Test Product", "action_flag": 1, "change_message": "[{\"added\": {}}]"}}, {"model": "admin.logentry", "pk": 8, "fields": {"action_time": "2023-06-04T15:40:42.373Z", "user": 1, "content_type": 10, "object_id": "1", "object_repr": "Laptop", "action_flag": 2, "change_message": "[{\"changed\": {\"fields\": [\"Name\"]}}]"}}, {"model": "admin.logentry", "pk": 9, "fields": {"action_time": "2023-06-04T15:41:48.501Z", "user": 1, "content_type": 11, "object_id": "1", "object_repr": "Honor", "action_flag": 2, "change_message": "[{\"changed\": {\"fields\": [\"Src\", \"Alt\"]}}]"}}, {"model": "admin.logentry", "pk": 10, "fields": {"action_time": "2023-06-04T15:42:12.960Z", "user": 1, "content_type": 9, "object_id": "1", "object_repr": "Review by TestAuthor for Test Product", "action_flag": 2, "change_message": "[{\"changed\": {\"fields\": [\"Text\"]}}]"}}, {"model": "admin.logentry", "pk": 11, "fields": {"action_time": "2023-06-04T15:42:43.479Z", "user": 1, "content_type": 12, "object_id": "1", "object_repr": "Honor Laptop", "action_flag": 2, "change_message": "[{\"changed\": {\"fields\": [\"Price\", \"Title\", \"Description\", \"FullDescription\"]}}]"}}, {"model": "admin.logentry", "pk": 12, "fields": {"action_time": "2023-06-04T15:42:50.256Z", "user": 1, "content_type": 13, "object_id": "1", "object_repr": "Laptop", "action_flag": 2, "change_message": "[{\"changed\": {\"fields\": [\"Name\"]}}]"}}, {"model": "admin.logentry", "pk": 13, "fields": {"action_time": "2023-06-04T15:42:55.306Z", "user": 1, "content_type": 9, "object_id": "1", "object_repr": "Review by TestAuthor for Honor Laptop", "action_flag": 2, "change_message": "[]"}}, {"model": "admin.logentry", "pk": 14, "fields": {"action_time": "2023-06-04T15:43:58.128Z", "user": 1, "content_type": 11, "object_id": "2", "object_repr": "HP Laptop", "action_flag": 1, "change_message": "[{\"added\": {}}]"}}, {"model": "admin.logentry", "pk": 15, "fields": {"action_time": "2023-06-04T15:44:39.605Z", "user": 1, "content_type": 12, "object_id": "2", "object_repr": "HP Laptop", "action_flag": 1, "change_message": "[{\"added\": {}}]"}}, {"model": "admin.logentry", "pk": 16, "fields": {"action_time": "2023-06-04T15:45:39.593Z", "user": 1, "content_type": 11, "object_id": "3", "object_repr": "Asus Laptop", "action_flag": 1, "change_message": "[{\"added\": {}}]"}}, {"model": "admin.logentry", "pk": 17, "fields": {"action_time": "2023-06-04T15:46:16.048Z", "user": 1, "content_type": 12, "object_id": "3", "object_repr": "Asus Laptop", "action_flag": 1, "change_message": "[{\"added\": {}}]"}}, {"model": "admin.logentry", "pk": 18, "fields": {"action_time": "2023-06-04T17:21:46.191Z", "user": 1, "content_type": 13, "object_id": "2", "object_repr": "MobilePhone", "action_flag": 1, "change_message": "[{\"added\": {}}]"}}, {"model": "admin.logentry", "pk": 19, "fields": {"action_time": "2023-06-04T17:21:57.568Z", "user": 1, "content_type": 13, "object_id": "3", "object_repr": "Guitars", "action_flag": 1, "change_message": "[{\"added\": {}}]"}}, {"model": "admin.logentry", "pk": 20, "fields": {"action_time": "2023-06-04T17:33:17.634Z", "user": 1, "content_type": 10, "object_id": "2", "object_repr": "Guitar", "action_flag": 1, "change_message": "[{\"added\": {}}]"}}, {"model": "admin.logentry", "pk": 21, "fields": {"action_time": "2023-06-04T17:33:30.549Z", "user": 1, "content_type": 11, "object_id": "3", "object_repr": "Asus Laptop", "action_flag": 3, "change_message": ""}}, {"model": "admin.logentry", "pk": 22, "fields": {"action_time": "2023-06-04T17:33:30.552Z", "user": 1, "content_type": 11, "object_id": "2", "object_repr": "HP Laptop", "action_flag": 3, "change_message": ""}}, {"model": "admin.logentry", "pk": 23, "fields": {"action_time": "2023-06-04T17:33:30.554Z", "user": 1, "content_type": 11, "object_id": "1", "object_repr": "Honor", "action_flag": 3, "change_message": ""}}, {"model": "admin.logentry", "pk": 24, "fields": {"action_time": "2023-06-04T17:34:47.991Z", "user": 1, "content_type": 11, "object_id": "4", "object_repr": "Gibson Les Paul", "action_flag": 1, "change_message": "[{\"added\": {}}]"}}, {"model": "admin.logentry", "pk": 25, "fields": {"action_time": "2023-06-04T17:35:56.002Z", "user": 1, "content_type": 11, "object_id": "5", "object_repr": "Gibson SG", "action_flag": 1, "change_message": "[{\"added\": {}}]"}}, {"model": "admin.logentry", "pk": 26, "fields": {"action_time": "2023-06-04T17:36:42.897Z", "user": 1, "content_type": 11, "object_id": "6", "object_repr": "Gibson Firebird", "action_flag": 1, "change_message": "[{\"added\": {}}]"}}, {"model": "admin.logentry", "pk": 27, "fields": {"action_time": "2023-06-04T17:36:57.689Z", "user": 1, "content_type": 10, "object_id": "1", "object_repr": "Laptop", "action_flag": 3, "change_message": ""}}, {"model": "admin.logentry", "pk": 28, "fields": {"action_time": "2023-06-04T17:37:16.922Z", "user": 1, "content_type": 13, "object_id": "2", "object_repr": "MobilePhone", "action_flag": 3, "change_message": ""}}, {"model": "admin.logentry", "pk": 29, "fields": {"action_time": "2023-06-04T17:37:16.926Z", "user": 1, "content_type": 13, "object_id": "1", "object_repr": "Laptop", "action_flag": 3, "change_message": ""}}, {"model": "admin.logentry", "pk": 30, "fields": {"action_time": "2023-06-04T17:37:24.732Z", "user": 1, "content_type": 13, "object_id": "4", "object_repr": "Gibson", "action_flag": 1, "change_message": "[{\"added\": {}}]"}}, {"model": "admin.logentry", "pk": 31, "fields": {"action_time": "2023-06-04T17:37:30.596Z", "user": 1, "content_type": 13, "object_id": "5", "object_repr": "Les Paul", "action_flag": 1, "change_message": "[{\"added\": {}}]"}}, {"model": "admin.logentry", "pk": 32, "fields": {"action_time": "2023-06-04T17:37:33.642Z", "user": 1, "content_type": 13, "object_id": "6", "object_repr": "SG", "action_flag": 1, "change_message": "[{\"added\": {}}]"}}, {"model": "admin.logentry", "pk": 33, "fields": {"action_time": "2023-06-04T17:37:39.246Z", "user": 1, "content_type": 13, "object_id": "7", "object_repr": "Firebird", "action_flag": 1, "change_message": "[{\"added\": {}}]"}}, {"model": "admin.logentry", "pk": 34, "fields": {"action_time": "2023-06-04T17:39:54.123Z", "user": 1, "content_type": 12, "object_id": "4", "object_repr": "Gisbon Les Paul", "action_flag": 1, "change_message": "[{\"added\": {}}]"}}, {"model": "admin.logentry", "pk": 35, "fields": {"action_time": "2023-06-04T17:43:04.477Z", "user": 1, "content_type": 12, "object_id": "5", "object_repr": "Gibson SG", "action_flag": 1, "change_message": "[{\"added\": {}}]"}}, {"model": "admin.logentry", "pk": 36, "fields": {"action_time": "2023-06-04T17:43:45.699Z", "user": 1, "content_type": 12, "object_id": "6", "object_repr": "Gibson Firebird", "action_flag": 1, "change_message": "[{\"added\": {}}]"}}, {"model": "admin.logentry", "pk": 37, "fields": {"action_time": "2023-06-04T18:07:46.043Z", "user": 1, "content_type": 11, "object_id": "7", "object_repr": "Fender Stratocaster", "action_flag": 1, "change_message": "[{\"added\": {}}]"}}, {"model": "admin.logentry", "pk": 38, "fields": {"action_time": "2023-06-04T18:09:00.019Z", "user": 1, "content_type": 11, "object_id": "8", "object_repr": "Fender Telecaster", "action_flag": 1, "change_message": "[{\"added\": {}}]"}}, {"model": "admin.logentry", "pk": 39, "fields": {"action_time": "2023-06-04T18:11:08.795Z", "user": 1, "content_type": 11, "object_id": "9", "object_repr": "Fender JazzMaster", "action_flag": 1, "change_message": "[{\"added\": {}}]"}}, {"model": "admin.logentry", "pk": 40, "fields": {"action_time": "2023-06-04T18:11:53.519Z", "user": 1, "content_type": 12, "object_id": "7", "object_repr": "Fender Stratocaster", "action_flag": 1, "change_message": "[{\"added\": {}}]"}}, {"model": "admin.logentry", "pk": 41, "fields": {"action_time": "2023-06-04T18:12:03.486Z", "user": 1, "content_type": 13, "object_id": "8", "object_repr": "Fender", "action_flag": 1, "change_message": "[{\"added\": {}}]"}}, {"model": "admin.logentry", "pk": 42, "fields": {"action_time": "2023-06-04T18:12:13.203Z", "user": 1, "content_type": 13, "object_id": "9", "object_repr": "Telecaster", "action_flag": 1, "change_message": "[{\"added\": {}}]"}}, {"model": "admin.logentry", "pk": 43, "fields": {"action_time": "2023-06-04T18:12:19.031Z", "user": 1, "content_type": 13, "object_id": "10", "object_repr": "Stratocaster", "action_flag": 1, "change_message": "[{\"added\": {}}]"}}, {"model": "admin.logentry", "pk": 44, "fields": {"action_time": "2023-06-04T18:12:25.426Z", "user": 1, "content_type": 13, "object_id": "11", "object_repr": "Jazzmaster", "action_flag": 1, "change_message": "[{\"added\": {}}]"}}, {"model": "admin.logentry", "pk": 45, "fields": {"action_time": "2023-06-04T18:12:41.326Z", "user": 1, "content_type": 12, "object_id": "7", "object_repr": "Fender Stratocaster", "action_flag": 2, "change_message": "[{\"changed\": {\"fields\": [\"Tags\"]}}]"}}, {"model": "admin.logentry", "pk": 46, "fields": {"action_time": "2023-06-04T18:13:32.116Z", "user": 1, "content_type": 12, "object_id": "8", "object_repr": "Fender Telecaster", "action_flag": 1, "change_message": "[{\"added\": {}}]"}}, {"model": "admin.logentry", "pk": 47, "fields": {"action_time": "2023-06-04T18:15:04.069Z", "user": 1, "content_type": 12, "object_id": "9", "object_repr": "Fender Jazzmaster", "action_flag": 1, "change_message": "[{\"added\": {}}]"}}, {"model": "admin.logentry", "pk": 48, "fields": {"action_time": "2023-06-04T18:15:22.946Z", "user": 1, "content_type": 12, "object_id": "9", "object_repr": "Fender Jazzmaster", "action_flag": 2, "change_message": "[{\"changed\": {\"fields\": [\"Price\"]}}]"}}, {"model": "admin.logentry", "pk": 49, "fields": {"action_time": "2023-06-04T18:15:30.146Z", "user": 1, "content_type": 12, "object_id": "8", "object_repr": "Fender Telecaster", "action_flag": 2, "change_message": "[{\"changed\": {\"fields\": [\"Price\"]}}]"}}, {"model": "admin.logentry", "pk": 50, "fields": {"action_time": "2023-06-04T18:21:38.358Z", "user": 1, "content_type": 12, "object_id": "4", "object_repr": "Gisbon Les Paul", "action_flag": 2, "change_message": "[{\"changed\": {\"fields\": [\"Price\"]}}]"}}, {"model": "admin.logentry", "pk": 51, "fields": {"action_time": "2023-06-04T19:01:08.674Z", "user": 1, "content_type": 12, "object_id": "9", "object_repr": "Fender Jazzmaster", "action_flag": 2, "change_message": "[{\"changed\": {\"fields\": [\"Limited edition\"]}}]"}}, {"model": "admin.logentry", "pk": 52, "fields": {"action_time": "2023-06-04T19:01:13.862Z", "user": 1, "content_type": 12, "object_id": "6", "object_repr": "Gibson Firebird", "action_flag": 2, "change_message": "[{\"changed\": {\"fields\": [\"Limited edition\"]}}]"}}, {"model": "admin.logentry", "pk": 53, "fields": {"action_time": "2023-06-04T19:10:18.331Z", "user": 1, "content_type": 12, "object_id": "9", "object_repr": "Fender Jazzmaster", "action_flag": 2, "change_message": "[{\"changed\": {\"fields\": [\"Available\"]}}]"}}, {"model": "admin.logentry", "pk": 54, "fields": {"action_time": "2023-06-04T19:10:22.544Z", "user": 1, "content_type": 12, "object_id": "8", "object_repr": "Fender Telecaster", "action_flag": 2, "change_message": "[{\"changed\": {\"fields\": [\"Available\"]}}]"}}, {"model": "admin.logentry", "pk": 55, "fields": {"action_time": "2023-06-04T19:10:27.293Z", "user": 1, "content_type": 12, "object_id": "7", "object_repr": "Fender Stratocaster", "action_flag": 2, "change_message": "[{\"changed\": {\"fields\": [\"Available\"]}}]"}}, {"model": "admin.logentry", "pk": 56, "fields": {"action_time": "2023-06-04T19:10:31.821Z", "user": 1, "content_type": 12, "object_id": "6", "object_repr": "Gibson Firebird", "action_flag": 2, "change_message": "[{\"changed\": {\"fields\": [\"Available\"]}}]"}}, {"model": "admin.logentry", "pk": 57, "fields": {"action_time": "2023-06-04T19:10:36.091Z", "user": 1, "content_type": 12, "object_id": "5", "object_repr": "Gibson SG", "action_flag": 2, "change_message": "[{\"changed\": {\"fields\": [\"Available\"]}}]"}}, {"model": "admin.logentry", "pk": 58, "fields": {"action_time": "2023-06-04T19:10:40.928Z", "user": 1, "content_type": 12, "object_id": "4", "object_repr": "Gisbon Les Paul", "action_flag": 2, "change_message": "[{\"changed\": {\"fields\": [\"Available\"]}}]"}}, {"model": "admin.logentry", "pk": 59, "fields": {"action_time": "2023-06-07T19:15:29.853Z", "user": 1, "content_type": 11, "object_id": "10", "object_repr": "Danelectro DC59", "action_flag": 1, "change_message": "[{\"added\": {}}]"}}, {"model": "admin.logentry", "pk": 60, "fields": {"action_time": "2023-06-07T19:16:06.696Z", "user": 1, "content_type": 11, "object_id": "11", "object_repr": "Fender Jazz Bass", "action_flag": 1, "change_message": "[{\"added\": {}}]"}}, {"model": "admin.logentry", "pk": 61, "fields": {"action_time": "2023-06-07T19:16:54.410Z", "user": 1, "content_type": 11, "object_id": "12", "object_repr": "Fender Precision Bass", "action_flag": 1, "change_message": "[{\"added\": {}}]"}}, {"model": "admin.logentry", "pk": 62, "fields": {"action_time": "2023-06-07T19:16:59.056Z", "user": 1, "content_type": 10, "object_id": "3", "object_repr": "Bass", "action_flag": 1, "change_message": "[{\"added\": {}}]"}}, {"model": "admin.logentry", "pk": 63, "fields": {"action_time": "2023-06-07T19:17:40.794Z", "user": 1, "content_type": 12, "object_id": "10", "object_repr": "Fender Jazz Bass", "action_flag": 1, "change_message": "[{\"added\": {}}]"}}, {"model": "admin.logentry", "pk": 64, "fields": {"action_time": "2023-06-07T19:17:47.900Z", "user": 1, "content_type": 13, "object_id": "12", "object_repr": "Bass", "action_flag": 1, "change_message": "[{\"added\": {}}]"}}, {"model": "admin.logentry", "pk": 65, "fields": {"action_time": "2023-06-07T19:17:54.622Z", "user": 1, "content_type": 13, "object_id": "13", "object_repr": "Jazzbass", "action_flag": 1, "change_message": "[{\"added\": {}}]"}}, {"model": "admin.logentry", "pk": 66, "fields": {"action_time": "2023-06-07T19:18:05.472Z", "user": 1, "content_type": 12, "object_id": "10", "object_repr": "Fender Jazz Bass", "action_flag": 2, "change_message": "[{\"changed\": {\"fields\": [\"Tags\"]}}]"}}, {"model": "admin.logentry", "pk": 67, "fields": {"action_time": "2023-06-07T19:18:35.206Z", "user": 1, "content_type": 12, "object_id": "11", "object_repr": "Danelectro DC59", "action_flag": 1, "change_message": "[{\"added\": {}}]"}}, {"model": "admin.logentry", "pk": 68, "fields": {"action_time": "2023-06-07T19:19:18.052Z", "user": 1, "content_type": 12, "object_id": "12", "object_repr": "Fender Precision Bass", "action_flag": 1, "change_message": "[{\"added\": {}}]"}}, {"model": "admin.logentry", "pk": 69, "fields": {"action_time": "2023-06-07T19:20:05.001Z", "user": 1, "content_type": 11, "object_id": "10", "object_repr": "Danelectro DC59", "action_flag": 2, "change_message": "[{\"changed\": {\"fields\": [\"Src\"]}}]"}}, {"model": "admin.logentry", "pk": 70, "fields": {"action_time": "2023-06-07T19:20:23.294Z", "user": 1, "content_type": 11, "object_id": "10", "object_repr": "Danelectro DC59", "action_flag": 2, "change_message": "[]"}}, {"model": "admin.logentry", "pk": 71, "fields": {"action_time": "2023-06-07T19:21:06.925Z", "user": 1, "content_type": 11, "object_id": "10", "object_repr": "Danelectro DC59", "action_flag": 2, "change_message": "[{\"changed\": {\"fields\": [\"Src\"]}}]"}}, {"model": "admin.logentry", "pk": 72, "fields": {"action_time": "2023-06-07T19:25:04.408Z", "user": 1, "content_type": 12, "object_id": "7", "object_repr": "Fender Stratocaster", "action_flag": 2, "change_message": "[{\"changed\": {\"fields\": [\"Available\"]}}]"}}, {"model": "admin.logentry", "pk": 73, "fields": {"action_time": "2023-06-07T19:31:37.454Z", "user": 1, "content_type": 15, "object_id": "1", "object_repr": "Specifications object (1)", "action_flag": 1, "change_message": "[{\"added\": {}}]"}}, {"model": "admin.logentry", "pk": 74, "fields": {"action_time": "2023-06-07T19:33:40.245Z", "user": 1, "content_type": 15, "object_id": "1", "object_repr": "Body", "action_flag": 2, "change_message": "[{\"changed\": {\"fields\": [\"Product\"]}}]"}}, {"model": "admin.logentry", "pk": 75, "fields": {"action_time": "2023-06-07T19:34:23.343Z", "user": 1, "content_type": 15, "object_id": "2", "object_repr": "Body", "action_flag": 1, "change_message": "[{\"added\": {}}]"}}, {"model": "admin.logentry", "pk": 76, "fields": {"action_time": "2023-06-07T19:34:41.389Z", "user": 1, "content_type": 15, "object_id": "3", "object_repr": "Pickups", "action_flag": 1, "change_message": "[{\"added\": {}}]"}}, {"model": "admin.logentry", "pk": 77, "fields": {"action_time": "2023-06-07T19:35:00.738Z", "user": 1, "content_type": 15, "object_id": "4", "object_repr": "Pickups", "action_flag": 1, "change_message": "[{\"added\": {}}]"}}, {"model": "admin.logentry", "pk": 78, "fields": {"action_time": "2023-06-07T19:48:15.194Z", "user": 1, "content_type": 12, "object_id": "12", "object_repr": "Fender Precision Bass", "action_flag": 2, "change_message": "[{\"changed\": {\"fields\": [\"Specifications\"]}}]"}}, {"model": "admin.logentry", "pk": 79, "fields": {"action_time": "2023-06-07T19:48:22.399Z", "user": 1, "content_type": 12, "object_id": "11", "object_repr": "Danelectro DC59", "action_flag": 2, "change_message": "[{\"changed\": {\"fields\": [\"Specifications\"]}}]"}}, {"model": "admin.logentry", "pk": 80, "fields": {"action_time": "2023-06-07T19:48:26.678Z", "user": 1, "content_type": 12, "object_id": "10", "object_repr": "Fender Jazz Bass", "action_flag": 2, "change_message": "[{\"changed\": {\"fields\": [\"Specifications\"]}}]"}}, {"model": "admin.logentry", "pk": 81, "fields": {"action_time": "2023-06-07T19:48:31.843Z", "user": 1, "content_type": 12, "object_id": "9", "object_repr": "Fender Jazzmaster", "action_flag": 2, "change_message": "[{\"changed\": {\"fields\": [\"Specifications\"]}}]"}}, {"model": "admin.logentry", "pk": 82, "fields": {"action_time": "2023-06-07T19:48:37.615Z", "user": 1, "content_type": 12, "object_id": "8", "object_repr": "Fender Telecaster", "action_flag": 2, "change_message": "[{\"changed\": {\"fields\": [\"Specifications\"]}}]"}}, {"model": "admin.logentry", "pk": 83, "fields": {"action_time": "2023-06-07T19:48:47.803Z", "user": 1, "content_type": 12, "object_id": "7", "object_repr": "Fender Stratocaster", "action_flag": 2, "change_message": "[{\"changed\": {\"fields\": [\"Specifications\"]}}]"}}, {"model": "admin.logentry", "pk": 84, "fields": {"action_time": "2023-06-07T19:48:53.137Z", "user": 1, "content_type": 12, "object_id": "6", "object_repr": "Gibson Firebird", "action_flag": 2, "change_message": "[{\"changed\": {\"fields\": [\"Specifications\"]}}]"}}, {"model": "admin.logentry", "pk": 85, "fields": {"action_time": "2023-06-07T19:49:00.892Z", "user": 1, "content_type": 12, "object_id": "5", "object_repr": "Gibson SG", "action_flag": 2, "change_message": "[{\"changed\": {\"fields\": [\"Specifications\"]}}]"}}, {"model": "admin.logentry", "pk": 86, "fields": {"action_time": "2023-06-07T19:49:06.364Z", "user": 1, "content_type": 12, "object_id": "4", "object_repr": "Gisbon Les Paul", "action_flag": 2, "change_message": "[{\"changed\": {\"fields\": [\"Specifications\"]}}]"}}, {"model": "admin.logentry", "pk": 87, "fields": {"action_time": "2023-06-08T18:42:41.107Z", "user": 1, "content_type": 16, "object_id": "1", "object_repr": "Guitars", "action_flag": 1, "change_message": "[{\"added\": {}}]"}}, {"model": "admin.logentry", "pk": 88, "fields": {"action_time": "2023-06-08T18:43:16.889Z", "user": 1, "content_type": 16, "object_id": "2", "object_repr": "BassGuitars", "action_flag": 1, "change_message": "[{\"added\": {}}]"}}, {"model": "admin.logentry", "pk": 89, "fields": {"action_time": "2023-06-08T18:43:26.589Z", "user": 1, "content_type": 10, "object_id": "3", "object_repr": "Category object (3)", "action_flag": 2, "change_message": "[{\"changed\": {\"fields\": [\"Image\"]}}]"}}, {"model": "admin.logentry", "pk": 90, "fields": {"action_time": "2023-06-08T18:43:31.012Z", "user": 1, "content_type": 10, "object_id": "2", "object_repr": "Category object (2)", "action_flag": 2, "change_message": "[{\"changed\": {\"fields\": [\"Image\"]}}]"}}, {"model": "admin.logentry", "pk": 91, "fields": {"action_time": "2023-06-08T18:44:40.880Z", "user": 1, "content_type": 10, "object_id": "3", "object_repr": "Guitars", "action_flag": 2, "change_message": "[{\"changed\": {\"fields\": [\"Title\"]}}]"}}, {"model": "admin.logentry", "pk": 92, "fields": {"action_time": "2023-06-08T18:44:48.546Z", "user": 1, "content_type": 10, "object_id": "2", "object_repr": "BassGuitars", "action_flag": 2, "change_message": "[{\"changed\": {\"fields\": [\"Title\"]}}]"}}, {"model": "admin.logentry", "pk": 93, "fields": {"action_time": "2023-06-08T18:45:30.033Z", "user": 1, "content_type": 10, "object_id": "2", "object_repr": "Guitars", "action_flag": 2, "change_message": "[{\"changed\": {\"fields\": [\"Title\", \"Image\"]}}]"}}, {"model": "admin.logentry", "pk": 94, "fields": {"action_time": "2023-06-08T18:45:43.059Z", "user": 1, "content_type": 10, "object_id": "3", "object_repr": "Bassguitars", "action_flag": 2, "change_message": "[{\"changed\": {\"fields\": [\"Title\", \"Image\"]}}]"}}, {"model": "admin.logentry", "pk": 95, "fields": {"action_time": "2023-06-08T18:46:06.638Z", "user": 1, "content_type": 17, "object_id": "1", "object_repr": "6 string", "action_flag": 1, "change_message": "[{\"added\": {}}]"}}, {"model": "admin.logentry", "pk": 96, "fields": {"action_time": "2023-06-08T18:46:27.691Z", "user": 1, "content_type": 17, "object_id": "1", "object_repr": "6 string", "action_flag": 2, "change_message": "[{\"changed\": {\"fields\": [\"Category\"]}}]"}}, {"model": "admin.logentry", "pk": 97, "fields": {"action_time": "2023-06-08T18:46:41.072Z", "user": 1, "content_type": 17, "object_id": "1", "object_repr": "6 string", "action_flag": 2, "change_message": "[]"}}, {"model": "admin.logentry", "pk": 98, "fields": {"action_time": "2023-06-08T19:01:25.291Z", "user": 1, "content_type": 10, "object_id": "2", "object_repr": "Guitars", "action_flag": 2, "change_message": "[{\"changed\": {\"fields\": [\"Image\"]}}]"}}, {"model": "admin.logentry", "pk": 99, "fields": {"action_time": "2023-06-08T19:01:29.731Z", "user": 1, "content_type": 10, "object_id": "3", "object_repr": "Bassguitars", "action_flag": 2, "change_message": "[{\"changed\": {\"fields\": [\"Image\"]}}]"}}, {"model": "admin.logentry", "pk": 100, "fields": {"action_time": "2023-06-08T19:01:41.679Z", "user": 1, "content_type": 17, "object_id": "1", "object_repr": "6 string", "action_flag": 2, "change_message": "[{\"changed\": {\"fields\": [\"Image\"]}}]"}}, {"model": "admin.logentry", "pk": 101, "fields": {"action_time": "2023-06-08T19:11:05.107Z", "user": 1, "content_type": 10, "object_id": "2", "object_repr": "Guitars", "action_flag": 2, "change_message": "[{\"changed\": {\"fields\": [\"Image\"]}}]"}}, {"model": "admin.logentry", "pk": 102, "fields": {"action_time": "2023-06-08T19:11:14.523Z", "user": 1, "content_type": 10, "object_id": "3", "object_repr": "Bassguitars", "action_flag": 2, "change_message": "[{\"changed\": {\"fields\": [\"Image\", \"Subcategories\"]}}]"}}, {"model": "admin.logentry", "pk": 103, "fields": {"action_time": "2023-06-08T19:11:21.437Z", "user": 1, "content_type": 17, "object_id": "1", "object_repr": "6 string", "action_flag": 2, "change_message": "[{\"changed\": {\"fields\": [\"Image\"]}}]"}}, {"model": "admin.logentry", "pk": 104, "fields": {"action_time": "2023-06-08T19:17:50.344Z", "user": 1, "content_type": 10, "object_id": "2", "object_repr": "Guitars", "action_flag": 2, "change_message": "[{\"changed\": {\"fields\": [\"Subcategories\"]}}]"}}, {"model": "admin.logentry", "pk": 105, "fields": {"action_time": "2023-06-08T19:20:11.886Z", "user": 1, "content_type": 10, "object_id": "2", "object_repr": "Guitars", "action_flag": 2, "change_message": "[]"}}, {"model": "admin.logentry", "pk": 106, "fields": {"action_time": "2023-06-08T19:20:31.637Z", "user": 1, "content_type": 17, "object_id": "1", "object_repr": "6 string", "action_flag": 2, "change_message": "[]"}}, {"model": "admin.logentry", "pk": 107, "fields": {"action_time": "2023-06-08T19:39:46.195Z", "user": 1, "content_type": 16, "object_id": "3", "object_repr": "6 strings", "action_flag": 1, "change_message": "[{\"added\": {}}]"}}, {"model": "admin.logentry", "pk": 108, "fields": {"action_time": "2023-06-08T19:39:52.772Z", "user": 1, "content_type": 16, "object_id": "3", "object_repr": "6 strings", "action_flag": 2, "change_message": "[]"}}, {"model": "admin.logentry", "pk": 109, "fields": {"action_time": "2023-06-08T19:40:05.807Z", "user": 1, "content_type": 10, "object_id": "4", "object_repr": "6 stings", "action_flag": 1, "change_message": "[{\"added\": {}}]"}}, {"model": "admin.logentry", "pk": 110, "fields": {"action_time": "2023-06-08T19:47:24.880Z", "user": 1, "content_type": 10, "object_id": "4", "object_repr": "6 strings", "action_flag": 2, "change_message": "[{\"changed\": {\"fields\": [\"Title\"]}}]"}}, {"model": "admin.logentry", "pk": 111, "fields": {"action_time": "2023-06-08T19:47:30.587Z", "user": 1, "content_type": 16, "object_id": "3", "object_repr": "6 strings", "action_flag": 2, "change_message": "[]"}}, {"model": "admin.logentry", "pk": 112, "fields": {"action_time": "2023-06-08T19:47:54.643Z", "user": 1, "content_type": 16, "object_id": "3", "object_repr": "6 strings", "action_flag": 2, "change_message": "[{\"changed\": {\"fields\": [\"Src\"]}}]"}}, {"model": "admin.logentry", "pk": 113, "fields": {"action_time": "2023-06-08T19:48:13.283Z", "user": 1, "content_type": 16, "object_id": "3", "object_repr": "6 strings", "action_flag": 2, "change_message": "[{\"changed\": {\"fields\": [\"Src\"]}}]"}}, {"model": "admin.logentry", "pk": 114, "fields": {"action_time": "2023-06-08T20:02:06.673Z", "user": 1, "content_type": 16, "object_id": "1", "object_repr": "Guitars", "action_flag": 2, "change_message": "[{\"changed\": {\"fields\": [\"Src\"]}}]"}}, {"model": "admin.logentry", "pk": 115, "fields": {"action_time": "2023-06-08T20:56:44.422Z", "user": 1, "content_type": 16, "object_id": "3", "object_repr": "6 strings", "action_flag": 2, "change_message": "[{\"changed\": {\"fields\": [\"Src\"]}}]"}}, {"model": "admin.logentry", "pk": 116, "fields": {"action_time": "2023-06-08T20:57:17.902Z", "user": 1, "content_type": 16, "object_id": "2", "object_repr": "BassGuitars", "action_flag": 2, "change_message": "[{\"changed\": {\"fields\": [\"Src\"]}}]"}}, {"model": "admin.logentry", "pk": 117, "fields": {"action_time": "2023-06-08T20:57:42.739Z", "user": 1, "content_type": 16, "object_id": "1", "object_repr": "Guitars", "action_flag": 2, "change_message": "[]"}}, {"model": "admin.logentry", "pk": 118, "fields": {"action_time": "2023-06-10T15:28:29.199Z", "user": 1, "content_type": 4, "object_id": "3", "object_repr": "User1", "action_flag": 3, "change_message": ""}}, {"model": "admin.logentry", "pk": 119, "fields": {"action_time": "2023-06-10T15:28:29.202Z", "user": 1, "content_type": 4, "object_id": "2", "object_repr": "mir232", "action_flag": 3, "change_message": ""}}, {"model": "admin.logentry", "pk": 120, "fields": {"action_time": "2023-06-10T15:47:07.767Z", "user": 1, "content_type": 4, "object_id": "4", "object_repr": "User1", "action_flag": 2, "change_message": "[{\"changed\": {\"fields\": [\"password\"]}}]"}}, {"model": "admin.logentry", "pk": 121, "fields": {"action_time": "2023-06-10T15:56:19.801Z", "user": 1, "content_type": 4, "object_id": "4", "object_repr": "User1", "action_flag": 3, "change_message": ""}}, {"model": "admin.logentry", "pk": 122, "fields": {"action_time": "2023-06-10T15:56:19.806Z", "user": 1, "content_type": 4, "object_id": "5", "object_repr": "User2", "action_flag": 3, "change_message": ""}}, {"model": "admin.logentry", "pk": 123, "fields": {"action_time": "2023-06-10T15:56:19.807Z", "user": 1, "content_type": 4, "object_id": "6", "object_repr": "User3", "action_flag": 3, "change_message": ""}}, {"model": "admin.logentry", "pk": 124, "fields": {"action_time": "2023-06-10T15:56:19.809Z", "user": 1, "content_type": 4, "object_id": "7", "object_repr": "User4", "action_flag": 3, "change_message": ""}}, {"model": "admin.logentry", "pk": 125, "fields": {"action_time": "2023-06-10T15:56:19.811Z", "user": 1, "content_type": 4, "object_id": "8", "object_repr": "User5", "action_flag": 3, "change_message": ""}}, {"model": "admin.logentry", "pk": 126, "fields": {"action_time": "2023-06-10T16:01:48.519Z", "user": 1, "content_type": 4, "object_id": "9", "object_repr": "User1", "action_flag": 3, "change_message": ""}}, {"model": "admin.logentry", "pk": 127, "fields": {"action_time": "2023-06-10T16:11:29.224Z", "user": 1, "content_type": 4, "object_id": "10", "object_repr": "User1", "action_flag": 2, "change_message": "[{\"changed\": {\"fields\": [\"password\"]}}]"}}, {"model": "admin.logentry", "pk": 128, "fields": {"action_time": "2023-06-10T17:32:17.467Z", "user": 1, "content_type": 14, "object_id": "4", "object_repr": "url: users/user_10/avatar/11f1a2-604d-45ac-8034-93b9b3adba60.png, alt: Avatar of User1", "action_flag": 3, "change_message": ""}}, {"model": "admin.logentry", "pk": 129, "fields": {"action_time": "2023-06-10T17:32:17.472Z", "user": 1, "content_type": 14, "object_id": "3", "object_repr": "url: users/user_10/avatar/11f1a2-604d-45ac-8034-93b9b3adba60.png, alt: Avatar of User1", "action_flag": 3, "change_message": ""}}, {"model": "admin.logentry", "pk": 130, "fields": {"action_time": "2023-06-10T17:32:17.474Z", "user": 1, "content_type": 14, "object_id": "2", "object_repr": "url: users/user_10/avatar/b7f009a8a15fd78967dbcb2924e11431.jpeg, alt: Avatar of User1", "action_flag": 3, "change_message": ""}}, {"model": "admin.logentry", "pk": 131, "fields": {"action_time": "2023-06-10T17:32:17.476Z", "user": 1, "content_type": 14, "object_id": "1", "object_repr": "url: users/user_10/avatar/f1a2-604d-45ac-8034-93b9b3adba60.png, alt: Avatar of User1", "action_flag": 3, "change_message": ""}}, {"model": "admin.logentry", "pk": 132, "fields": {"action_time": "2023-06-10T17:34:57.680Z", "user": 1, "content_type": 14, "object_id": "5", "object_repr": "url: users/user_10/avatar/232.png, alt: Avatar of User1", "action_flag": 3, "change_message": ""}}, {"model": "admin.logentry", "pk": 133, "fields": {"action_time": "2023-06-10T17:38:46.587Z", "user": 1, "content_type": 7, "object_id": "2", "object_repr": "User1", "action_flag": 2, "change_message": "[]"}}, {"model": "admin.logentry", "pk": 134, "fields": {"action_time": "2023-06-10T19:13:55.055Z", "user": 1, "content_type": 12, "object_id": "7", "object_repr": "Fender Stratocaster", "action_flag": 2, "change_message": "[]"}}, {"model": "admin.logentry", "pk": 135, "fields": {"action_time": "2023-06-10T19:16:16.904Z", "user": 1, "content_type": 12, "object_id": "11", "object_repr": "Danelectro DC59", "action_flag": 2, "change_message": "[{\"changed\": {\"fields\": [\"Category\"]}}]"}}, {"model": "admin.logentry", "pk": 136, "fields": {"action_time": "2023-06-10T19:16:23.002Z", "user": 1, "content_type": 12, "object_id": "12", "object_repr": "Fender Precision Bass", "action_flag": 2, "change_message": "[{\"changed\": {\"fields\": [\"Category\"]}}]"}}, {"model": "admin.logentry", "pk": 137, "fields": {"action_time": "2023-06-10T19:16:28.850Z", "user": 1, "content_type": 12, "object_id": "10", "object_repr": "Fender Jazz Bass", "action_flag": 2, "change_message": "[{\"changed\": {\"fields\": [\"Category\"]}}]"}}, {"model": "admin.logentry", "pk": 138, "fields": {"action_time": "2023-06-10T19:16:34.848Z", "user": 1, "content_type": 12, "object_id": "9", "object_repr": "Fender Jazzmaster", "action_flag": 2, "change_message": "[{\"changed\": {\"fields\": [\"Category\"]}}]"}}, {"model": "admin.logentry", "pk": 139, "fields": {"action_time": "2023-06-10T19:16:41.779Z", "user": 1, "content_type": 12, "object_id": "8", "object_repr": "Fender Telecaster", "action_flag": 2, "change_message": "[{\"changed\": {\"fields\": [\"Category\"]}}]"}}, {"model": "admin.logentry", "pk": 140, "fields": {"action_time": "2023-06-10T19:16:47.684Z", "user": 1, "content_type": 12, "object_id": "7", "object_repr": "Fender Stratocaster", "action_flag": 2, "change_message": "[{\"changed\": {\"fields\": [\"Category\"]}}]"}}, {"model": "admin.logentry", "pk": 141, "fields": {"action_time": "2023-06-10T19:16:52.628Z", "user": 1, "content_type": 12, "object_id": "5", "object_repr": "Gibson SG", "action_flag": 2, "change_message": "[{\"changed\": {\"fields\": [\"Category\"]}}]"}}, {"model": "admin.logentry", "pk": 142, "fields": {"action_time": "2023-06-10T19:16:57.538Z", "user": 1, "content_type": 12, "object_id": "4", "object_repr": "Gisbon Les Paul", "action_flag": 2, "change_message": "[{\"changed\": {\"fields\": [\"Category\"]}}]"}}, {"model": "admin.logentry", "pk": 143, "fields": {"action_time": "2023-06-10T19:17:05.768Z", "user": 1, "content_type": 12, "object_id": "6", "object_repr": "Gibson Firebird", "action_flag": 2, "change_message": "[{\"changed\": {\"fields\": [\"Category\"]}}]"}}, {"model": "admin.logentry", "pk": 144, "fields": {"action_time": "2023-06-10T19:17:13.541Z", "user": 1, "content_type": 12, "object_id": "8", "object_repr": "Fender Telecaster", "action_flag": 2, "change_message": "[{\"changed\": {\"fields\": [\"Category\"]}}]"}}, {"model": "admin.logentry", "pk": 145, "fields": {"action_time": "2023-06-10T19:19:40.235Z", "user": 1, "content_type": 16, "object_id": "4", "object_repr": "Black", "action_flag": 1, "change_message": "[{\"added\": {}}]"}}, {"model": "admin.logentry", "pk": 146, "fields": {"action_time": "2023-06-10T19:19:43.733Z", "user": 1, "content_type": 10, "object_id": "5", "object_repr": "Black", "action_flag": 1, "change_message": "[{\"added\": {}}]"}}, {"model": "admin.logentry", "pk": 147, "fields": {"action_time": "2023-06-10T19:19:57.268Z", "user": 1, "content_type": 12, "object_id": "4", "object_repr": "Gisbon Les Paul", "action_flag": 2, "change_message": "[{\"changed\": {\"fields\": [\"Category\"]}}]"}}, {"model": "admin.logentry", "pk": 148, "fields": {"action_time": "2023-06-10T19:20:05.551Z", "user": 1, "content_type": 12, "object_id": "11", "object_repr": "Danelectro DC59", "action_flag": 2, "change_message": "[{\"changed\": {\"fields\": [\"Category\"]}}]"}}, {"model": "admin.logentry", "pk": 149, "fields": {"action_time": "2023-06-10T20:13:27.171Z", "user": 1, "content_type": 12, "object_id": "12", "object_repr": "Fender Precision Bass", "action_flag": 2, "change_message": "[{\"changed\": {\"fields\": [\"Specifications\"]}}]"}}, {"model": "admin.logentry", "pk": 150, "fields": {"action_time": "2023-06-10T21:53:12.724Z", "user": 1, "content_type": 12, "object_id": "4", "object_repr": "Gibson Les Paul", "action_flag": 2, "change_message": "[{\"changed\": {\"fields\": [\"Title\"]}}]"}}, {"model": "admin.logentry", "pk": 151, "fields": {"action_time": "2023-06-11T18:43:53.336Z", "user": 1, "content_type": 20, "object_id": "1", "object_repr": "Order 1 for ", "action_flag": 3, "change_message": ""}}, {"model": "admin.logentry", "pk": 152, "fields": {"action_time": "2023-06-11T18:48:55.819Z", "user": 1, "content_type": 20, "object_id": "123", "object_repr": "Order 123 for ff", "action_flag": 3, "change_message": ""}}, {"model": "admin.logentry", "pk": 153, "fields": {"action_time": "2023-06-11T18:59:15.789Z", "user": 1, "content_type": 4, "object_id": "10", "object_repr": "User1", "action_flag": 2, "change_message": "[{\"changed\": {\"fields\": [\"password\"]}}]"}}, {"model": "admin.logentry", "pk": 154, "fields": {"action_time": "2023-06-11T19:02:21.394Z", "user": 1, "content_type": 20, "object_id": "127", "object_repr": "Order 127 for User1", "action_flag": 3, "change_message": ""}}, {"model": "admin.logentry", "pk": 155, "fields": {"action_time": "2023-06-11T19:02:21.400Z", "user": 1, "content_type": 20, "object_id": "126", "object_repr": "Order 126 for User1", "action_flag": 3, "change_message": ""}}, {"model": "admin.logentry", "pk": 156, "fields": {"action_time": "2023-06-11T19:02:21.402Z", "user": 1, "content_type": 20, "object_id": "125", "object_repr": "Order 125 for User1", "action_flag": 3, "change_message": ""}}, {"model": "admin.logentry", "pk": 157, "fields": {"action_time": "2023-06-11T19:02:21.403Z", "user": 1, "content_type": 20, "object_id": "124", "object_repr": "Order 124 for User1", "action_flag": 3, "change_message": ""}}, {"model": "admin.logentry", "pk": 158, "fields": {"action_time": "2023-06-11T19:02:21.405Z", "user": 1, "content_type": 20, "object_id": "123", "object_repr": "Order 123 for ASDASD", "action_flag": 3, "change_message": ""}}, {"model": "admin.logentry", "pk": 159, "fields": {"action_time": "2023-06-11T19:07:59.684Z", "user": 1, "content_type": 20, "object_id": "129", "object_repr": "Order 129 for User1", "action_flag": 3, "change_message": ""}}, {"model": "admin.logentry", "pk": 160, "fields": {"action_time": "2023-06-11T19:07:59.691Z", "user": 1, "content_type": 20, "object_id": "128", "object_repr": "Order 128 for User1", "action_flag": 3, "change_message": ""}}, {"model": "admin.logentry", "pk": 161, "fields": {"action_time": "2023-06-12T20:01:48.700Z", "user": 1, "content_type": 21, "object_id": "1", "object_repr": "Orders for User1", "action_flag": 3, "change_message": ""}}, {"model": "admin.logentry", "pk": 162, "fields": {"action_time": "2023-06-12T20:01:57.499Z", "user": 1, "content_type": 20, "object_id": "140", "object_repr": "Order 140 for User1", "action_flag": 3, "change_message": ""}}, {"model": "admin.logentry", "pk": 163, "fields": {"action_time": "2023-06-12T20:01:57.504Z", "user": 1, "content_type": 20, "object_id": "139", "object_repr": "Order 139 for User1", "action_flag": 3, "change_message": ""}}, {"model": "admin.logentry", "pk": 164, "fields": {"action_time": "2023-06-12T20:01:57.506Z", "user": 1, "content_type": 20, "object_id": "138", "object_repr": "Order 138 for User1", "action_flag": 3, "change_message": ""}}, {"model": "admin.logentry", "pk": 165, "fields": {"action_time": "2023-06-12T20:01:57.507Z", "user": 1, "content_type": 20, "object_id": "137", "object_repr": "Order 137 for User1", "action_flag": 3, "change_message": ""}}, {"model": "admin.logentry", "pk": 166, "fields": {"action_time": "2023-06-12T20:01:57.509Z", "user": 1, "content_type": 20, "object_id": "136", "object_repr": "Order 136 for User1", "action_flag": 3, "change_message": ""}}, {"model": "admin.logentry", "pk": 167, "fields": {"action_time": "2023-06-12T20:01:57.511Z", "user": 1, "content_type": 20, "object_id": "135", "object_repr": "Order 135 for User1", "action_flag": 3, "change_message": ""}}, {"model": "admin.logentry", "pk": 168, "fields": {"action_time": "2023-06-12T20:01:57.512Z", "user": 1, "content_type": 20, "object_id": "134", "object_repr": "Order 134 for User1", "action_flag": 3, "change_message": ""}}, {"model": "admin.logentry", "pk": 169, "fields": {"action_time": "2023-06-12T20:01:57.514Z", "user": 1, "content_type": 20, "object_id": "133", "object_repr": "Order 133 for User1", "action_flag": 3, "change_message": ""}}, {"model": "admin.logentry", "pk": 170, "fields": {"action_time": "2023-06-12T20:01:57.516Z", "user": 1, "content_type": 20, "object_id": "132", "object_repr": "Order 132 for User1", "action_flag": 3, "change_message": ""}}, {"model": "admin.logentry", "pk": 171, "fields": {"action_time": "2023-06-12T20:01:57.518Z", "user": 1, "content_type": 20, "object_id": "131", "object_repr": "Order 131 for User1", "action_flag": 3, "change_message": ""}}, {"model": "admin.logentry", "pk": 172, "fields": {"action_time": "2023-06-12T20:01:57.520Z", "user": 1, "content_type": 20, "object_id": "130", "object_repr": "Order 130 for User1", "action_flag": 3, "change_message": ""}}, {"model": "admin.logentry", "pk": 173, "fields": {"action_time": "2023-06-13T19:04:23.476Z", "user": 1, "content_type": 20, "object_id": "145", "object_repr": "Order 145 for User1", "action_flag": 3, "change_message": ""}}, {"model": "admin.logentry", "pk": 174, "fields": {"action_time": "2023-06-13T19:04:23.482Z", "user": 1, "content_type": 20, "object_id": "144", "object_repr": "Order 144 for User1", "action_flag": 3, "change_message": ""}}, {"model": "admin.logentry", "pk": 175, "fields": {"action_time": "2023-06-13T19:04:23.484Z", "user": 1, "content_type": 20, "object_id": "143", "object_repr": "Order 143 for User1", "action_flag": 3, "change_message": ""}}, {"model": "admin.logentry", "pk": 176, "fields": {"action_time": "2023-06-13T19:04:23.486Z", "user": 1, "content_type": 20, "object_id": "142", "object_repr": "Order 142 for User1", "action_flag": 3, "change_message": ""}}, {"model": "admin.logentry", "pk": 177, "fields": {"action_time": "2023-06-13T19:04:23.487Z", "user": 1, "content_type": 20, "object_id": "141", "object_repr": "Order 141 for User1", "action_flag": 3, "change_message": ""}}, {"model": "admin.logentry", "pk": 178, "fields": {"action_time": "2023-06-13T19:04:34.006Z", "user": 1, "content_type": 21, "object_id": "145", "object_repr": "Orders for User1", "action_flag": 3, "change_message": ""}}, {"model": "admin.logentry", "pk": 179, "fields": {"action_time": "2023-06-13T19:04:34.010Z", "user": 1, "content_type": 21, "object_id": "144", "object_repr": "Orders for User1", "action_flag": 3, "change_message": ""}}, {"model": "admin.logentry", "pk": 180, "fields": {"action_time": "2023-06-13T19:04:34.011Z", "user": 1, "content_type": 21, "object_id": "143", "object_repr": "Orders for User1", "action_flag": 3, "change_message": ""}}, {"model": "admin.logentry", "pk": 181, "fields": {"action_time": "2023-06-13T19:04:34.013Z", "user": 1, "content_type": 21, "object_id": "142", "object_repr": "Orders for User1", "action_flag": 3, "change_message": ""}}, {"model": "admin.logentry", "pk": 182, "fields": {"action_time": "2023-06-13T19:04:34.015Z", "user": 1, "content_type": 21, "object_id": "141", "object_repr": "Orders for User1", "action_flag": 3, "change_message": ""}}, {"model": "admin.logentry", "pk": 183, "fields": {"action_time": "2023-06-13T19:43:00.451Z", "user": 1, "content_type": 21, "object_id": "146", "object_repr": "Orders for User1", "action_flag": 3, "change_message": ""}}, {"model": "admin.logentry", "pk": 184, "fields": {"action_time": "2023-06-13T19:43:08.685Z", "user": 1, "content_type": 20, "object_id": "148", "object_repr": "Order 148 for User1", "action_flag": 3, "change_message": ""}}, {"model": "admin.logentry", "pk": 185, "fields": {"action_time": "2023-06-13T19:43:08.692Z", "user": 1, "content_type": 20, "object_id": "147", "object_repr": "Order 147 for User1", "action_flag": 3, "change_message": ""}}, {"model": "admin.logentry", "pk": 186, "fields": {"action_time": "2023-06-13T19:43:08.694Z", "user": 1, "content_type": 20, "object_id": "146", "object_repr": "Order 146 for User1", "action_flag": 3, "change_message": ""}}, {"model": "admin.logentry", "pk": 187, "fields": {"action_time": "2023-06-14T19:09:59.340Z", "user": 1, "content_type": 22, "object_id": "1", "object_repr": "Discount object (1)", "action_flag": 1, "change_message": "[{\"added\": {}}]"}}, {"model": "admin.logentry", "pk": 188, "fields": {"action_time": "2023-06-14T19:10:14.873Z", "user": 1, "content_type": 22, "object_id": "1", "object_repr": "Discount object (1)", "action_flag": 1, "change_message": "[{\"added\": {}}]"}}, {"model": "admin.logentry", "pk": 189, "fields": {"action_time": "2023-06-14T19:10:20.136Z", "user": 1, "content_type": 22, "object_id": "1", "object_repr": "Discount object (1)", "action_flag": 2, "change_message": "[]"}}, {"model": "admin.logentry", "pk": 190, "fields": {"action_time": "2023-06-14T19:11:25.151Z", "user": 1, "content_type": 22, "object_id": "1", "object_repr": "Global discount", "action_flag": 2, "change_message": "[]"}}, {"model": "admin.logentry", "pk": 191, "fields": {"action_time": "2023-06-14T19:11:30.736Z", "user": 1, "content_type": 22, "object_id": "1", "object_repr": "Global discount", "action_flag": 2, "change_message": "[{\"changed\": {\"fields\": [\"Express\"]}}]"}}, {"model": "admin.logentry", "pk": 192, "fields": {"action_time": "2023-06-14T19:11:35.854Z", "user": 1, "content_type": 22, "object_id": "1", "object_repr": "Global discount", "action_flag": 2, "change_message": "[{\"changed\": {\"fields\": [\"Express\"]}}]"}}, {"model": "admin.logentry", "pk": 193, "fields": {"action_time": "2023-06-14T19:13:05.774Z", "user": 1, "content_type": 22, "object_id": "1", "object_repr": "Global discount", "action_flag": 3, "change_message": ""}}, {"model": "admin.logentry", "pk": 194, "fields": {"action_time": "2023-06-14T19:15:23.852Z", "user": 1, "content_type": 22, "object_id": "1", "object_repr": "Global discount", "action_flag": 1, "change_message": "[{\"added\": {}}]"}}, {"model": "admin.logentry", "pk": 195, "fields": {"action_time": "2023-06-14T19:15:35.767Z", "user": 1, "content_type": 22, "object_id": "1", "object_repr": "Global discount", "action_flag": 1, "change_message": "[{\"added\": {}}]"}}, {"model": "admin.logentry", "pk": 196, "fields": {"action_time": "2023-06-14T19:15:42.075Z", "user": 1, "content_type": 22, "object_id": "1", "object_repr": "Global discount", "action_flag": 2, "change_message": "[{\"changed\": {\"fields\": [\"Regular\", \"Limit\"]}}]"}}, {"model": "admin.logentry", "pk": 197, "fields": {"action_time": "2023-06-14T19:29:44.014Z", "user": 1, "content_type": 20, "object_id": "158", "object_repr": "Order 158 for ", "action_flag": 3, "change_message": ""}}, {"model": "admin.logentry", "pk": 198, "fields": {"action_time": "2023-06-14T19:29:44.016Z", "user": 1, "content_type": 20, "object_id": "157", "object_repr": "Order 157 for admin", "action_flag": 3, "change_message": ""}}, {"model": "admin.logentry", "pk": 199, "fields": {"action_time": "2023-06-14T19:29:44.018Z", "user": 1, "content_type": 20, "object_id": "156", "object_repr": "Order 156 for ", "action_flag": 3, "change_message": ""}}, {"model": "admin.logentry", "pk": 200, "fields": {"action_time": "2023-06-14T19:29:44.020Z", "user": 1, "content_type": 20, "object_id": "155", "object_repr": "Order 155 for ", "action_flag": 3, "change_message": ""}}, {"model": "admin.logentry", "pk": 201, "fields": {"action_time": "2023-06-14T19:29:44.023Z", "user": 1, "content_type": 20, "object_id": "154", "object_repr": "Order 154 for ", "action_flag": 3, "change_message": ""}}, {"model": "admin.logentry", "pk": 202, "fields": {"action_time": "2023-06-14T19:29:44.024Z", "user": 1, "content_type": 20, "object_id": "153", "object_repr": "Order 153 for фыв", "action_flag": 3, "change_message": ""}}, {"model": "admin.logentry", "pk": 203, "fields": {"action_time": "2023-06-14T19:29:44.026Z", "user": 1, "content_type": 20, "object_id": "152", "object_repr": "Order 152 for User1123123", "action_flag": 3, "change_message": ""}}, {"model": "admin.logentry", "pk": 204, "fields": {"action_time": "2023-06-14T19:29:44.028Z", "user": 1, "content_type": 20, "object_id": "151", "object_repr": "Order 151 for User1", "action_flag": 3, "change_message": ""}}, {"model": "admin.logentry", "pk": 205, "fields": {"action_time": "2023-06-14T19:29:44.030Z", "user": 1, "content_type": 20, "object_id": "150", "object_repr": "Order 150 for User1", "action_flag": 3, "change_message": ""}}, {"model": "admin.logentry", "pk": 206, "fields": {"action_time": "2023-06-14T19:29:44.031Z", "user": 1, "content_type": 20, "object_id": "149", "object_repr": "Order 149 for User1", "action_flag": 3, "change_message": ""}}, {"model": "admin.logentry", "pk": 207, "fields": {"action_time": "2023-06-14T19:30:48.243Z", "user": 1, "content_type": 21, "object_id": "148", "object_repr": "Orders for admin", "action_flag": 3, "change_message": ""}}, {"model": "admin.logentry", "pk": 208, "fields": {"action_time": "2023-06-14T19:30:48.249Z", "user": 1, "content_type": 21, "object_id": "147", "object_repr": "Orders for User1", "action_flag": 3, "change_message": ""}}, {"model": "admin.logentry", "pk": 209, "fields": {"action_time": "2023-06-14T19:38:48.325Z", "user": 1, "content_type": 7, "object_id": "3", "object_repr": "admin", "action_flag": 3, "change_message": ""}}, {"model": "admin.logentry", "pk": 210, "fields": {"action_time": "2023-06-14T19:40:22.066Z", "user": 1, "content_type": 7, "object_id": "4", "object_repr": "admin", "action_flag": 3, "change_message": ""}}, {"model": "admin.logentry", "pk": 211, "fields": {"action_time": "2023-06-17T14:42:22.213Z", "user": 1, "content_type": 11, "object_id": "12", "object_repr": "Fender Precision Bass", "action_flag": 2, "change_message": "[{\"changed\": {\"fields\": [\"Src\"]}}]"}}, {"model": "admin.logentry", "pk": 212, "fields": {"action_time": "2023-06-17T14:42:34.262Z", "user": 1, "content_type": 11, "object_id": "11", "object_repr": "Fender Jazz Bass", "action_flag": 2, "change_message": "[{\"changed\": {\"fields\": [\"Src\"]}}]"}}, {"model": "admin.logentry", "pk": 213, "fields": {"action_time": "2023-06-17T14:42:45.204Z", "user": 1, "content_type": 11, "object_id": "10", "object_repr": "Danelectro DC59", "action_flag": 2, "change_message": "[{\"changed\": {\"fields\": [\"Src\"]}}]"}}, {"model": "admin.logentry", "pk": 214, "fields": {"action_time": "2023-06-17T14:42:51.395Z", "user": 1, "content_type": 11, "object_id": "9", "object_repr": "Fender JazzMaster", "action_flag": 2, "change_message": "[{\"changed\": {\"fields\": [\"Src\"]}}]"}}, {"model": "admin.logentry", "pk": 215, "fields": {"action_time": "2023-06-17T14:42:57.027Z", "user": 1, "content_type": 11, "object_id": "8", "object_repr": "Fender Telecaster", "action_flag": 2, "change_message": "[{\"changed\": {\"fields\": [\"Src\"]}}]"}}, {"model": "admin.logentry", "pk": 216, "fields": {"action_time": "2023-06-17T14:43:02.736Z", "user": 1, "content_type": 11, "object_id": "7", "object_repr": "Fender Stratocaster", "action_flag": 2, "change_message": "[{\"changed\": {\"fields\": [\"Src\"]}}]"}}, {"model": "admin.logentry", "pk": 217, "fields": {"action_time": "2023-06-17T14:43:09.462Z", "user": 1, "content_type": 11, "object_id": "6", "object_repr": "Gibson Firebird", "action_flag": 2, "change_message": "[{\"changed\": {\"fields\": [\"Src\"]}}]"}}, {"model": "admin.logentry", "pk": 218, "fields": {"action_time": "2023-06-17T14:43:16.519Z", "user": 1, "content_type": 11, "object_id": "5", "object_repr": "Gibson SG", "action_flag": 2, "change_message": "[{\"changed\": {\"fields\": [\"Src\"]}}]"}}, {"model": "admin.logentry", "pk": 219, "fields": {"action_time": "2023-06-17T14:43:23.868Z", "user": 1, "content_type": 11, "object_id": "4", "object_repr": "Gibson Les Paul", "action_flag": 2, "change_message": "[{\"changed\": {\"fields\": [\"Src\"]}}]"}}, {"model": "admin.logentry", "pk": 220, "fields": {"action_time": "2023-06-17T15:00:23.860Z", "user": 1, "content_type": 20, "object_id": "7", "object_repr": "Order 7 for admin", "action_flag": 3, "change_message": ""}}, {"model": "admin.logentry", "pk": 221, "fields": {"action_time": "2023-06-17T15:00:23.863Z", "user": 1, "content_type": 20, "object_id": "6", "object_repr": "Order 6 for admin", "action_flag": 3, "change_message": ""}}, {"model": "admin.logentry", "pk": 222, "fields": {"action_time": "2023-06-17T15:00:23.865Z", "user": 1, "content_type": 20, "object_id": "5", "object_repr": "Order 5 for admin", "action_flag": 3, "change_message": ""}}, {"model": "admin.logentry", "pk": 223, "fields": {"action_time": "2023-06-17T15:00:23.867Z", "user": 1, "content_type": 20, "object_id": "4", "object_repr": "Order 4 for admin", "action_flag": 3, "change_message": ""}}, {"model": "admin.logentry", "pk": 224, "fields": {"action_time": "2023-06-17T15:00:23.869Z", "user": 1, "content_type": 20, "object_id": "3", "object_repr": "Order 3 for admin", "action_flag": 3, "change_message": ""}}, {"model": "admin.logentry", "pk": 225, "fields": {"action_time": "2023-06-17T15:00:23.871Z", "user": 1, "content_type": 20, "object_id": "2", "object_repr": "Order 2 for admin", "action_flag": 3, "change_message": ""}}, {"model": "admin.logentry", "pk": 226, "fields": {"action_time": "2023-06-17T15:00:23.873Z", "user": 1, "content_type": 20, "object_id": "1", "object_repr": "Order 1 for admin", "action_flag": 3, "change_message": ""}}, {"model": "admin.logentry", "pk": 227, "fields": {"action_time": "2023-06-17T15:03:42.258Z", "user": 1, "content_type": 4, "object_id": "10", "object_repr": "User1", "action_flag": 2, "change_message": "[{\"changed\": {\"fields\": [\"password\"]}}]"}}, {"model": "admin.logentry", "pk": 228, "fields": {"action_time": "2023-06-17T15:22:45.517Z", "user": 1, "content_type": 14, "object_id": "6", "object_repr": "url: users/user_10/avatar/1.png, alt: Avatar of User1", "action_flag": 3, "change_message": ""}}, {"model": "admin.logentry", "pk": 229, "fields": {"action_time": "2023-06-17T15:23:35.329Z", "user": 1, "content_type": 4, "object_id": "10", "object_repr": "User1", "action_flag": 3, "change_message": ""}}, {"model": "admin.logentry", "pk": 230, "fields": {"action_time": "2023-06-17T15:23:35.333Z", "user": 1, "content_type": 4, "object_id": "11", "object_repr": "User2", "action_flag": 3, "change_message": ""}}, {"model": "admin.logentry", "pk": 231, "fields": {"action_time": "2023-06-17T15:38:33.783Z", "user": 1, "content_type": 7, "object_id": "5", "object_repr": "admin", "action_flag": 3, "change_message": ""}}, {"model": "auth.permission", "pk": 1, "fields": {"name": "Can add log entry", "content_type": 1, "codename": "add_logentry"}}, {"model": "auth.permission", "pk": 2, "fields": {"name": "Can change log entry", "content_type": 1, "codename": "change_logentry"}}, {"model": "auth.permission", "pk": 3, "fields": {"name": "Can delete log entry", "content_type": 1, "codename": "delete_logentry"}}, {"model": "auth.permission", "pk": 4, "fields": {"name": "Can view log entry", "content_type": 1, "codename": "view_logentry"}}, {"model": "auth.permission", "pk": 5, "fields": {"name": "Can add permission", "content_type": 2, "codename": "add_permission"}}, {"model": "auth.permission", "pk": 6, "fields": {"name": "Can change permission", "content_type": 2, "codename": "change_permission"}}, {"model": "auth.permission", "pk": 7, "fields": {"name": "Can delete permission", "content_type": 2, "codename": "delete_permission"}}, {"model": "auth.permission", "pk": 8, "fields": {"name": "Can view permission", "content_type": 2, "codename": "view_permission"}}, {"model": "auth.permission", "pk": 9, "fields": {"name": "Can add group", "content_type": 3, "codename": "add_group"}}, {"model": "auth.permission", "pk": 10, "fields": {"name": "Can change group", "content_type": 3, "codename": "change_group"}}, {"model": "auth.permission", "pk": 11, "fields": {"name": "Can delete group", "content_type": 3, "codename": "delete_group"}}, {"model": "auth.permission", "pk": 12, "fields": {"name": "Can view group", "content_type": 3, "codename": "view_group"}}, {"model": "auth.permission", "pk": 13, "fields": {"name": "Can add user", "content_type": 4, "codename": "add_user"}}, {"model": "auth.permission", "pk": 14, "fields": {"name": "Can change user", "content_type": 4, "codename": "change_user"}}, {"model": "auth.permission", "pk": 15, "fields": {"name": "Can delete user", "content_type": 4, "codename": "delete_user"}}, {"model": "auth.permission", "pk": 16, "fields": {"name": "Can view user", "content_type": 4, "codename": "view_user"}}, {"model": "auth.permission", "pk": 17, "fields": {"name": "Can add content type", "content_type": 5, "codename": "add_contenttype"}}, {"model": "auth.permission", "pk": 18, "fields": {"name": "Can change content type", "content_type": 5, "codename": "change_contenttype"}}, {"model": "auth.permission", "pk": 19, "fields": {"name": "Can delete content type", "content_type": 5, "codename": "delete_contenttype"}}, {"model": "auth.permission", "pk": 20, "fields": {"name": "Can view content type", "content_type": 5, "codename": "view_contenttype"}}, {"model": "auth.permission", "pk": 21, "fields": {"name": "Can add session", "content_type": 6, "codename": "add_session"}}, {"model": "auth.permission", "pk": 22, "fields": {"name": "Can change session", "content_type": 6, "codename": "change_session"}}, {"model": "auth.permission", "pk": 23, "fields": {"name": "Can delete session", "content_type": 6, "codename": "delete_session"}}, {"model": "auth.permission", "pk": 24, "fields": {"name": "Can view session", "content_type": 6, "codename": "view_session"}}, {"model": "auth.permission", "pk": 25, "fields": {"name": "Can add profile", "content_type": 7, "codename": "add_profile"}}, {"model": "auth.permission", "pk": 26, "fields": {"name": "Can change profile", "content_type": 7, "codename": "change_profile"}}, {"model": "auth.permission", "pk": 27, "fields": {"name": "Can delete profile", "content_type": 7, "codename": "delete_profile"}}, {"model": "auth.permission", "pk": 28, "fields": {"name": "Can view profile", "content_type": 7, "codename": "view_profile"}}, {"model": "auth.permission", "pk": 29, "fields": {"name": "Can add product", "content_type": 8, "codename": "add_product"}}, {"model": "auth.permission", "pk": 30, "fields": {"name": "Can change product", "content_type": 8, "codename": "change_product"}}, {"model": "auth.permission", "pk": 31, "fields": {"name": "Can delete product", "content_type": 8, "codename": "delete_product"}}, {"model": "auth.permission", "pk": 32, "fields": {"name": "Can view product", "content_type": 8, "codename": "view_product"}}, {"model": "auth.permission", "pk": 33, "fields": {"name": "Can add review", "content_type": 9, "codename": "add_review"}}, {"model": "auth.permission", "pk": 34, "fields": {"name": "Can change review", "content_type": 9, "codename": "change_review"}}, {"model": "auth.permission", "pk": 35, "fields": {"name": "Can delete review", "content_type": 9, "codename": "delete_review"}}, {"model": "auth.permission", "pk": 36, "fields": {"name": "Can view review", "content_type": 9, "codename": "view_review"}}, {"model": "auth.permission", "pk": 37, "fields": {"name": "Can add category", "content_type": 10, "codename": "add_category"}}, {"model": "auth.permission", "pk": 38, "fields": {"name": "Can change category", "content_type": 10, "codename": "change_category"}}, {"model": "auth.permission", "pk": 39, "fields": {"name": "Can delete category", "content_type": 10, "codename": "delete_category"}}, {"model": "auth.permission", "pk": 40, "fields": {"name": "Can view category", "content_type": 10, "codename": "view_category"}}, {"model": "auth.permission", "pk": 41, "fields": {"name": "Can add image", "content_type": 11, "codename": "add_image"}}, {"model": "auth.permission", "pk": 42, "fields": {"name": "Can change image", "content_type": 11, "codename": "change_image"}}, {"model": "auth.permission", "pk": 43, "fields": {"name": "Can delete image", "content_type": 11, "codename": "delete_image"}}, {"model": "auth.permission", "pk": 44, "fields": {"name": "Can view image", "content_type": 11, "codename": "view_image"}}, {"model": "auth.permission", "pk": 45, "fields": {"name": "Can add product full", "content_type": 12, "codename": "add_productfull"}}, {"model": "auth.permission", "pk": 46, "fields": {"name": "Can change product full", "content_type": 12, "codename": "change_productfull"}}, {"model": "auth.permission", "pk": 47, "fields": {"name": "Can delete product full", "content_type": 12, "codename": "delete_productfull"}}, {"model": "auth.permission", "pk": 48, "fields": {"name": "Can view product full", "content_type": 12, "codename": "view_productfull"}}, {"model": "auth.permission", "pk": 49, "fields": {"name": "Can add tag", "content_type": 13, "codename": "add_tag"}}, {"model": "auth.permission", "pk": 50, "fields": {"name": "Can change tag", "content_type": 13, "codename": "change_tag"}}, {"model": "auth.permission", "pk": 51, "fields": {"name": "Can delete tag", "content_type": 13, "codename": "delete_tag"}}, {"model": "auth.permission", "pk": 52, "fields": {"name": "Can view tag", "content_type": 13, "codename": "view_tag"}}, {"model": "auth.permission", "pk": 53, "fields": {"name": "Can add avatar", "content_type": 14, "codename": "add_avatar"}}, {"model": "auth.permission", "pk": 54, "fields": {"name": "Can change avatar", "content_type": 14, "codename": "change_avatar"}}, {"model": "auth.permission", "pk": 55, "fields": {"name": "Can delete avatar", "content_type": 14, "codename": "delete_avatar"}}, {"model": "auth.permission", "pk": 56, "fields": {"name": "Can view avatar", "content_type": 14, "codename": "view_avatar"}}, {"model": "auth.permission", "pk": 57, "fields": {"name": "Can add specifications", "content_type": 15, "codename": "add_specifications"}}, {"model": "auth.permission", "pk": 58, "fields": {"name": "Can change specifications", "content_type": 15, "codename": "change_specifications"}}, {"model": "auth.permission", "pk": 59, "fields": {"name": "Can delete specifications", "content_type": 15, "codename": "delete_specifications"}}, {"model": "auth.permission", "pk": 60, "fields": {"name": "Can view specifications", "content_type": 15, "codename": "view_specifications"}}, {"model": "auth.permission", "pk": 61, "fields": {"name": "Can add category image", "content_type": 16, "codename": "add_categoryimage"}}, {"model": "auth.permission", "pk": 62, "fields": {"name": "Can change category image", "content_type": 16, "codename": "change_categoryimage"}}, {"model": "auth.permission", "pk": 63, "fields": {"name": "Can delete category image", "content_type": 16, "codename": "delete_categoryimage"}}, {"model": "auth.permission", "pk": 64, "fields": {"name": "Can view category image", "content_type": 16, "codename": "view_categoryimage"}}, {"model": "auth.permission", "pk": 65, "fields": {"name": "Can add Subcategory", "content_type": 17, "codename": "add_subcategory"}}, {"model": "auth.permission", "pk": 66, "fields": {"name": "Can change Subcategory", "content_type": 17, "codename": "change_subcategory"}}, {"model": "auth.permission", "pk": 67, "fields": {"name": "Can delete Subcategory", "content_type": 17, "codename": "delete_subcategory"}}, {"model": "auth.permission", "pk": 68, "fields": {"name": "Can view Subcategory", "content_type": 17, "codename": "view_subcategory"}}, {"model": "auth.permission", "pk": 69, "fields": {"name": "Can add basket", "content_type": 18, "codename": "add_basket"}}, {"model": "auth.permission", "pk": 70, "fields": {"name": "Can change basket", "content_type": 18, "codename": "change_basket"}}, {"model": "auth.permission", "pk": 71, "fields": {"name": "Can delete basket", "content_type": 18, "codename": "delete_basket"}}, {"model": "auth.permission", "pk": 72, "fields": {"name": "Can view basket", "content_type": 18, "codename": "view_basket"}}, {"model": "auth.permission", "pk": 73, "fields": {"name": "Can add basket item", "content_type": 19, "codename": "add_basketitem"}}, {"model": "auth.permission", "pk": 74, "fields": {"name": "Can change basket item", "content_type": 19, "codename": "change_basketitem"}}, {"model": "auth.permission", "pk": 75, "fields": {"name": "Can delete basket item", "content_type": 19, "codename": "delete_basketitem"}}, {"model": "auth.permission", "pk": 76, "fields": {"name": "Can view basket item", "content_type": 19, "codename": "view_basketitem"}}, {"model": "auth.permission", "pk": 77, "fields": {"name": "Can add order", "content_type": 20, "codename": "add_order"}}, {"model": "auth.permission", "pk": 78, "fields": {"name": "Can change order", "content_type": 20, "codename": "change_order"}}, {"model": "auth.permission", "pk": 79, "fields": {"name": "Can delete order", "content_type": 20, "codename": "delete_order"}}, {"model": "auth.permission", "pk": 80, "fields": {"name": "Can view order", "content_type": 20, "codename": "view_order"}}, {"model": "auth.permission", "pk": 81, "fields": {"name": "Can add orders", "content_type": 21, "codename": "add_orders"}}, {"model": "auth.permission", "pk": 82, "fields": {"name": "Can change orders", "content_type": 21, "codename": "change_orders"}}, {"model": "auth.permission", "pk": 83, "fields": {"name": "Can delete orders", "content_type": 21, "codename": "delete_orders"}}, {"model": "auth.permission", "pk": 84, "fields": {"name": "Can view orders", "content_type": 21, "codename": "view_orders"}}, {"model": "auth.permission", "pk": 85, "fields": {"name": "Can add discount", "content_type": 22, "codename": "add_discount"}}, {"model": "auth.permission", "pk": 86, "fields": {"name": "Can change discount", "content_type": 22, "codename": "change_discount"}}, {"model": "auth.permission", "pk": 87, "fields": {"name": "Can delete discount", "content_type": 22, "codename": "delete_discount"}}, {"model": "auth.permission", "pk": 88, "fields": {"name": "Can view discount", "content_type": 22, "codename": "view_discount"}}, {"model": "auth.permission", "pk": 89, "fields": {"name": "Can add payment", "content_type": 23, "codename": "add_payment"}}, {"model": "auth.permission", "pk": 90, "fields": {"name": "Can change payment", "content_type": 23, "codename": "change_payment"}}, {"model": "auth.permission", "pk": 91, "fields": {"name": "Can delete payment", "content_type": 23, "codename": "delete_payment"}}, {"model": "auth.permission", "pk": 92, "fields": {"name": "Can view payment", "content_type": 23, "codename": "view_payment"}}, {"model": "auth.user", "pk": 1, "fields": {"password": "pbkdf2_sha256$600000$XiBgzINaQO0sNj5ruzze3g$AbWctGr9Y33itAnXvoDnCOpO+sQ9SnY55RqWZ/Vk594=", "last_login": "2023-06-17T15:39:52.556Z", "is_superuser": true, "username": "admin", "first_name": "", "last_name": "", "email": "", "is_staff": true, "is_active": true, "date_joined": "2023-05-30T19:14:38.200Z", "groups": [], "user_permissions": []}}, {"model": "auth.user", "pk": 12, "fields": {"password": "pbkdf2_sha256$600000$sCsrzcK3SxEuVYhayQptsO$tGkV9OPgO7JSrgY53E1swKDorFga3jCbd8+6SVYmN4I=", "last_login": "2023-06-17T16:49:06.103Z", "is_superuser": false, "username": "User", "first_name": "", "last_name": "", "email": "", "is_staff": false, "is_active": true, "date_joined": "2023-06-17T15:28:02.446Z", "groups": [], "user_permissions": []}}, {"model": "contenttypes.contenttype", "pk": 1, "fields": {"app_label": "admin", "model": "logentry"}}, {"model": "contenttypes.contenttype", "pk": 2, "fields": {"app_label": "auth", "model": "permission"}}, {"model": "contenttypes.contenttype", "pk": 3, "fields": {"app_label": "auth", "model": "group"}}, {"model": "contenttypes.contenttype", "pk": 4, "fields": {"app_label": "auth", "model": "user"}}, {"model": "contenttypes.contenttype", "pk": 5, "fields": {"app_label": "contenttypes", "model": "contenttype"}}, {"model": "contenttypes.contenttype", "pk": 6, "fields": {"app_label": "sessions", "model": "session"}}, {"model": "contenttypes.contenttype", "pk": 7, "fields": {"app_label": "profiles", "model": "profile"}}, {"model": "contenttypes.contenttype", "pk": 8, "fields": {"app_label": "products", "model": "product"}}, {"model": "contenttypes.contenttype", "pk": 9, "fields": {"app_label": "products", "model": "review"}}, {"model": "contenttypes.contenttype", "pk": 10, "fields": {"app_label": "products", "model": "category"}}, {"model": "contenttypes.contenttype", "pk": 11, "fields": {"app_label": "products", "model": "image"}}, {"model": "contenttypes.contenttype", "pk": 12, "fields": {"app_label": "products", "model": "productfull"}}, {"model": "contenttypes.contenttype", "pk": 13, "fields": {"app_label": "products", "model": "tag"}}, {"model": "contenttypes.contenttype", "pk": 14, "fields": {"app_label": "profiles", "model": "avatar"}}, {"model": "contenttypes.contenttype", "pk": 15, "fields": {"app_label": "products", "model": "specifications"}}, {"model": "contenttypes.contenttype", "pk": 16, "fields": {"app_label": "products", "model": "categoryimage"}}, {"model": "contenttypes.contenttype", "pk": 17, "fields": {"app_label": "products", "model": "subcategory"}}, {"model": "contenttypes.contenttype", "pk": 18, "fields": {"app_label": "shop", "model": "basket"}}, {"model": "contenttypes.contenttype", "pk": 19, "fields": {"app_label": "shop", "model": "basketitem"}}, {"model": "contenttypes.contenttype", "pk": 20, "fields": {"app_label": "shop", "model": "order"}}, {"model": "contenttypes.contenttype", "pk": 21, "fields": {"app_label": "shop", "model": "orders"}}, {"model": "contenttypes.contenttype", "pk": 22, "fields": {"app_label": "shop", "model": "discount"}}, {"model": "contenttypes.contenttype", "pk": 23, "fields": {"app_label": "shop", "model": "payment"}}, {"model": "sessions.session", "pk": "1us294iyqqrwqzbtvipspn0xox9eecch", "fields": {"session_data": "eyJiYXNrZXRfaWQiOjE3fQ:1qAYku:QUVjg4aPpnic4K-MMk3TOoE799e3aJIbt5knbD6t-mg", "expire_date": "2023-07-01T16:26:28.800Z"}}, {"model": "sessions.session", "pk": "2bwt0mbpb8ln2k9h2rmvt6onr0afiwse", "fields": {"session_data": ".eJxVjEEOwiAQAP_C2RBgV6AevfuGBhZWqgaS0p6MfzckPeh1ZjJvMYd9K_Pe8zovSVyEVuL0C2OgZ67DpEeo9yap1W1dohyJPGyXt5by63q0f4MSehlfA1OwmDJ7hqggWc5s0SGDd5rQGVJsALW3EyoEf0ZmQwCBCBOC-HwB9tA3eA:1q81Bc:vHXJZkFlklbcZFglgTmIBnPaRS1QsFuge97mX9NHSjU", "expire_date": "2023-06-24T16:11:32.423Z"}}, {"model": "sessions.session", "pk": "2fol6ow97q3kk3i6tfkgwos97s5hzcn9", "fields": {"session_data": "eyJiYXNrZXRfaWQiOjE4fQ:1qAYli:cEDOJqAVgcbnnm5fVfIKW0A4RMcBEpvI4njXJ9K0Y1Y", "expire_date": "2023-07-01T16:27:18.568Z"}}, {"model": "sessions.session", "pk": "53xnl5ir5j0ab73wi39kz9czuj4uifyi", "fields": {"session_data": "e30:1q80pj:jKH8yY8n-IO-I5sqbRgVEREcPgV9S5tGxMybr-hSwnI", "expire_date": "2023-06-24T15:48:55.892Z"}}, {"model": "sessions.session", "pk": "6ypzo4oazldult5f1rfm9avoror38nvs", "fields": {"session_data": ".eJxVjDsOwjAQBe_iGlnY-EtJzxms9e4aB5AtxUmFuDtESgHtm5n3EgnWpaZ18JwmEmehxOF3y4APbhugO7Rbl9jbMk9Zborc6ZDXTvy87O7fQYVRv3V0ZBUbdpHYh6y0RSjGE2jMii0VjzEUh9lEZJNPugQkHVnh0ZN1Vrw_B2842w:1q8QHT:iREZvjXKSuUpWQxkZXWL0bgTnfw8zmBgdEwtYLIhqqo", "expire_date": "2023-06-25T18:59:15.800Z"}}, {"model": "sessions.session", "pk": "8lo45ecrmnreyrrf8zxb1dulu4bneg8h", "fields": {"session_data": "eyJiYXNrZXRfaWQiOjE0fQ:1qAYep:vqx8LXZgY98IvOzQLs_JRdh1QNk90o036u-plSEhJjA", "expire_date": "2023-07-01T16:20:11.441Z"}}, {"model": "sessions.session", "pk": "8w0ax4u2yllwvsbe3fjk10h5nz9ki5l9", "fields": {"session_data": "eyJiYXNrZXRfaWQiOjIzfQ:1qAYpd:57zfOMpiPIw0T44emJGfgi4Qxn3z8lQ-6YVjHaL0thY", "expire_date": "2023-07-01T16:31:21.243Z"}}, {"model": "sessions.session", "pk": "a5phyjqu7ofxy5hqj6japg0vtfor6mhb", "fields": {"session_data": "eyJiYXNrZXRfaWQiOjd9:1qAYU5:kUuxhydPbogY-NNLaZfyV2FCCmiKMgRVUiFeUQHMbmo", "expire_date": "2023-07-01T16:09:05.491Z"}}, {"model": "sessions.session", "pk": "cey9d31gr4fucpz8jkaoa7ln7se7fdl2", "fields": {"session_data": "eyJiYXNrZXRfaWQiOjl9:1qAYY1:q9WgTd0aAsaNKFib6akGEG3pmmasm7UYXC_WYmIGj7M", "expire_date": "2023-07-01T16:13:09.120Z"}}, {"model": "sessions.session", "pk": "ekc1zkoy8r2h1m1eut0qg9al3vkp063q", "fields": {"session_data": "e30:1q80qo:fS2205orP4dFC-qMEptBQ_V5g-naBi-VEx71EwSyDSs", "expire_date": "2023-06-24T15:50:02.218Z"}}, {"model": "sessions.session", "pk": "eve5yf2epesqtkigi53vmy12zdksykii", "fields": {"session_data": ".eJxVjMEOgyAQBf-Fc0MAAaHH3v0GsrBrsTaYCJ6a_nu18eJ13sz7sAh1phYmZHdlbyzA1nLYKq1_xKRiFxghzVSOBV9QngtPS2nrFPmh8HOtfFiQ3o_TvRxkqHmvhenA9EJGsp3xTvQJokqAZEn7UYNER8oIIByF8KS8lF6lvXJWW_LEvj9YezyH:1qAZ6o:ScGN3FMoOx8yknxvtazwj50iJWbfHVaYcWy9d328oBA", "expire_date": "2023-07-01T16:49:06.105Z"}}, {"model": "sessions.session", "pk": "fanc1854y3ybic71cjahir8929s0f7g6", "fields": {"session_data": ".eJxVjDsOwjAQBe_iGlnY-EtJzxms9e4aB5AtxUmFuDtESgHtm5n3EgnWpaZ18JwmEmehxOF3y4APbhugO7Rbl9jbMk9Zborc6ZDXTvy87O7fQYVRv3V0ZBUbdpHYh6y0RSjGE2jMii0VjzEUh9lEZJNPugQkHVnh0ZN1Vrw_B2842w:1q5rau:-a7x6NudIvLEt_0alyrW2Ql9bBah1chkdRD-gUxQZtw", "expire_date": "2023-06-18T17:32:44.016Z"}}, {"model": "sessions.session", "pk": "fr3vpc1feucfwos2x6rizqfglrc8biqw", "fields": {"session_data": "e30:1q80te:2isYo2Nf2tl6Bt8xyPdmLTARiCQZi2lWxDgX69slrPQ", "expire_date": "2023-06-24T15:52:58.963Z"}}, {"model": "sessions.session", "pk": "g6mk8c8bip9jpuzkhakduwtqi8lalfzl", "fields": {"session_data": "eyJiYXNrZXRfaWQiOjExfQ:1qAYcS:xJ3sUjjXY3b6P3XrIZDXiKPusRcQS3v0TI3xPvmZ5ns", "expire_date": "2023-07-01T16:17:44.024Z"}}, {"model": "sessions.session", "pk": "ge2510kbfykg6ah0mzs65lj6f4e1lq3p", "fields": {"session_data": "eyJiYXNrZXRfaWQiOjh9:1qAYVI:U8PLhdXAh-a33_1NaeQaViV7uuazo0mgL8hJC-zMOIU", "expire_date": "2023-07-01T16:10:20.357Z"}}, {"model": "sessions.session", "pk": "i1f1724oxmmt0q4nn0wy24cqg519jw4u", "fields": {"session_data": "eyJiYXNrZXRfaWQiOjE1fQ:1qAYgI:WY3rIRChIFSAxXKuKMIrM0Y3SPMZoO7ysx3MmdW-eqg", "expire_date": "2023-07-01T16:21:42.033Z"}}, {"model": "sessions.session", "pk": "lmf4rmvvojnwqzdoly6zeehgj1xleo6i", "fields": {"session_data": "eyJiYXNrZXRfaWQiOjEwfQ:1qAYZ0:6I_ASh6u-rn5xuTLtjLUHza5aBvSgcO_D864hBeFtUI", "expire_date": "2023-07-01T16:14:10.886Z"}}, {"model": "sessions.session", "pk": "mdjjguwkgbktve813eeexqef58vkuc71", "fields": {"session_data": "eyJiYXNrZXRfaWQiOjI1fQ:1qAYq7:-rkrMa234bFkvroi1rwbH-BV21uvjarcOsxFbEtbdM4", "expire_date": "2023-07-01T16:31:51.575Z"}}, {"model": "sessions.session", "pk": "mljgs45rqqa4lsptkh6me16beh0k8ebs", "fields": {"session_data": "eyJiYXNrZXRfaWQiOjEyfQ:1qAYcd:Trz1kt7Jk42IQMR7Hx87ptMsh0T4S1Oo8Yo_Slem-IU", "expire_date": "2023-07-01T16:17:55.418Z"}}, {"model": "sessions.session", "pk": "myffo9zqdbnzwgcnocbmmznxt9nlge7g", "fields": {"session_data": "eyJiYXNrZXRfaWQiOjEzfQ:1qAYec:3rPovWd9C6XD01nWahh1PjPw2Cf5pVYAbklmbgMp-ng", "expire_date": "2023-07-01T16:19:58.587Z"}}, {"model": "sessions.session", "pk": "pdoz7axyzg6duaeu22lbl30q1c1itfcx", "fields": {"session_data": "eyJiYXNrZXRfaWQiOjI0fQ:1qAYpk:TmEkmWW3iFt8KJYmvmhYij8pB4YRU51GS-4BYUEXuA4", "expire_date": "2023-07-01T16:31:28.068Z"}}, {"model": "sessions.session", "pk": "pt6al1lzx8vlepwprosoce1hgo5sbofe", "fields": {"session_data": "eyJiYXNrZXRfaWQiOjE2fQ:1qAYgy:Ubu9tS3TNlPrNnAATu3nebkjNFUc3VeUub78cvyODZE", "expire_date": "2023-07-01T16:22:24.196Z"}}, {"model": "sessions.session", "pk": "t19699ogwm2f1qwcpqkzjusqiy3tbe67", "fields": {"session_data": "eyJiYXNrZXRfaWQiOjR9:1qAYL5:0HvyPjbP_-CVFmWxZUJTbufdQMmJXe8lr-7weUMIPFw", "expire_date": "2023-07-01T15:59:47.202Z"}}, {"model": "sessions.session", "pk": "w2lvkzx3ia2j1ft69veec13cmxv0uh75", "fields": {"session_data": "e30:1q80zY:0WNW8w44OlhbQlZTzPIHH7OWL-HZZRIDsxGenqklgXk", "expire_date": "2023-06-24T15:59:04.590Z"}}, {"model": "sessions.session", "pk": "x7q4loy60f8tzey0nqrsek15sgkujyb2", "fields": {"session_data": "eyJiYXNrZXRfaWQiOjZ9:1qAYRE:rjKFfLxdt6MVifI91zTS6AW6MYV42W0BD3hX3XtUBJo", "expire_date": "2023-07-01T16:06:08.873Z"}}, {"model": "sessions.session", "pk": "xti5nx5auy2mkc64dcs9gz7nha0o7njo", "fields": {"session_data": "eyJiYXNrZXRfaWQiOjV9:1qAYNv:bJ6sXq7UvGhvhIia9DONAinFNRZKjSDFTP4UQbxzK8M", "expire_date": "2023-07-01T16:02:43.819Z"}}, {"model": "profiles.profile", "pk": 6, "fields": {"user": 12, "fullName": "User", "phone": "+98261235678", "email": "test@test.ru", "avatar": 7}}, {"model": "profiles.profile", "pk": 7, "fields": {"user": 1, "fullName": "admin", "phone": "+123", "email": "admin@megano.ru", "avatar": 8}}, {"model": "profiles.avatar", "pk": 7, "fields": {"src": "users/user_12/avatar/1.png", "alt": "Avatar of User"}}, {"model": "profiles.avatar", "pk": 8, "fields": {"src": "users/user_1/avatar/715603.png", "alt": "Avatar of admin"}}, {"model": "products.categoryimage", "pk": 1, "fields": {"src": "categoryimages/d231e7227b4aab73dc16f89db2424c7e.png", "alt": "Guitars"}}, {"model": "products.categoryimage", "pk": 2, "fields": {"src": "categoryimages/0ea75d41684f8fe379e69b697ad28e42.jpeg", "alt": "BassGuitars"}}, {"model": "products.categoryimage", "pk": 3, "fields": {"src": "categoryimages/4329_0_wide_ver0.jpeg", "alt": "6 strings"}}, {"model": "products.categoryimage", "pk": 4, "fields": {"src": "categoryimages/ec303b4fa542f9a1a3287e4d4e7211a7.jpeg", "alt": "Black"}}, {"model": "products.category", "pk": 2, "fields": {"title": "Guitars", "image": 1, "subcategories": 2}}, {"model": "products.category", "pk": 3, "fields": {"title": "Bassguitars", "image": 2, "subcategories": 3}}, {"model": "products.category", "pk": 4, "fields": {"title": "6 strings", "image": 3, "subcategories": 2}}, {"model": "products.category", "pk": 5, "fields": {"title": "Black", "image": 4, "subcategories": null}}, {"model": "products.image", "pk": 4, "fields": {"src": "products/product_4/image/LP.jpeg", "alt": "Gibson Les Paul"}}, {"model": "products.image", "pk": 5, "fields": {"src": "products/product_5/image/sg.jpeg", "alt": "Gibson SG"}}, {"model": "products.image", "pk": 6, "fields": {"src": "products/product_6/image/firebird.jpeg", "alt": "Gibson Firebird"}}, {"model": "products.image", "pk": 7, "fields": {"src": "products/product_7/image/stratocaster.jpeg", "alt": "Fender Stratocaster"}}, {"model": "products.image", "pk": 8, "fields": {"src": "products/product_8/image/Telecaster.jpeg", "alt": "Fender Telecaster"}}, {"model": "products.image", "pk": 9, "fields": {"src": "products/product_9/image/JazzMaster.jpeg", "alt": "Fender JazzMaster"}}, {"model": "products.image", "pk": 10, "fields": {"src": "products/product_10/image/Danelectro59.jpeg", "alt": "Danelectro DC59"}}, {"model": "products.image", "pk": 11, "fields": {"src": "products/product_11/image/jazz_bass.jpeg", "alt": "Fender Jazz Bass"}}, {"model": "products.image", "pk": 12, "fields": {"src": "products/product_12/image/precis_bass.jpeg", "alt": "Fender Precision Bass"}}, {"model": "products.tag", "pk": 3, "fields": {"name": "Guitars"}}, {"model": "products.tag", "pk": 4, "fields": {"name": "Gibson"}}, {"model": "products.tag", "pk": 5, "fields": {"name": "Les Paul"}}, {"model": "products.tag", "pk": 6, "fields": {"name": "SG"}}, {"model": "products.tag", "pk": 7, "fields": {"name": "Firebird"}}, {"model": "products.tag", "pk": 8, "fields": {"name": "Fender"}}, {"model": "products.tag", "pk": 9, "fields": {"name": "Telecaster"}}, {"model": "products.tag", "pk": 10, "fields": {"name": "Stratocaster"}}, {"model": "products.tag", "pk": 11, "fields": {"name": "Jazzmaster"}}, {"model": "products.tag", "pk": 12, "fields": {"name": "Bass"}}, {"model": "products.tag", "pk": 13, "fields": {"name": "Jazzbass"}}, {"model": "products.specifications", "pk": 1, "fields": {"name": "Body", "value": "Mahogany"}}, {"model": "products.specifications", "pk": 2, "fields": {"name": "Body", "value": "Alder"}}, {"model": "products.specifications", "pk": 3, "fields": {"name": "Pickups", "value": "Humbackers"}}, {"model": "products.specifications", "pk": 4, "fields": {"name": "Pickups", "value": "Singles"}}, {"model": "products.productfull", "pk": 4, "fields": {"price": "2500.00", "count": 6, "date": "2023-06-04T17:39:54.118Z", "title": "Gibson Les Paul", "description": "Gibson Les Paul Custom", "fullDescription": "Gibson Les Paul Custom with two humbucker pickups", "freeDelivery": false, "rating": 5.0, "limited_edition": false, "available": true, "salePrice": null, "dateFrom": null, "dateTo": null, "category": [2, 4, 5], "images": [4], "tags": [3, 5], "specifications": [1, 3]}}, {"model": "products.productfull", "pk": 5, "fields": {"price": "1000.00", "count": 6, "date": "2023-06-04T17:43:04.470Z", "title": "Gibson SG", "description": "Gibson SG 61 reissue", "fullDescription": "Gibson SG 61 reissue with 498 / 490 pickups", "freeDelivery": true, "rating": 3.6666666666666665, "limited_edition": false, "available": true, "salePrice": null, "dateFrom": null, "dateTo": null, "category": [2, 4], "images": [5], "tags": [3, 6], "specifications": [1, 3]}}, {"model": "products.productfull", "pk": 6, "fields": {"price": "1500.00", "count": 1, "date": "2023-06-04T17:43:45.689Z", "title": "Gibson Firebird", "description": "Gibson Firebird", "fullDescription": "Gibson Firebird", "freeDelivery": false, "rating": 5.0, "limited_edition": true, "available": true, "salePrice": null, "dateFrom": null, "dateTo": null, "category": [2, 4], "images": [6], "tags": [3, 4, 7], "specifications": [1, 3]}}, {"model": "products.productfull", "pk": 7, "fields": {"price": "1500.00", "count": 1, "date": "2023-06-04T18:11:53.513Z", "title": "Fender Stratocaster", "description": "Fender Stratocaster", "fullDescription": "Fender American Standard Stratocaster", "freeDelivery": false, "rating": null, "limited_edition": false, "available": false, "salePrice": null, "dateFrom": null, "dateTo": null, "category": [2, 4], "images": [7], "tags": [3, 10], "specifications": [2, 4]}}, {"model": "products.productfull", "pk": 8, "fields": {"price": "1400.00", "count": 1, "date": "2023-06-04T18:13:32.111Z", "title": "Fender Telecaster", "description": "Fender Telecaster", "fullDescription": "Fender Telecaster", "freeDelivery": false, "rating": null, "limited_edition": false, "available": true, "salePrice": null, "dateFrom": null, "dateTo": null, "category": [2, 4], "images": [8], "tags": [3, 9], "specifications": [2, 4]}}, {"model": "products.productfull", "pk": 9, "fields": {"price": "2000.00", "count": 1, "date": "2023-06-04T18:15:04.062Z", "title": "Fender Jazzmaster", "description": "Fender Jazzmaster", "fullDescription": "Fender Jazzmaster", "freeDelivery": false, "rating": null, "limited_edition": true, "available": true, "salePrice": null, "dateFrom": null, "dateTo": null, "category": [2, 4], "images": [9], "tags": [11], "specifications": [2, 4]}}, {"model": "products.productfull", "pk": 10, "fields": {"price": "2500.00", "count": 1, "date": "2023-06-07T19:17:40.789Z", "title": "Fender Jazz Bass", "description": "Fender Jazz Bass", "fullDescription": "Fender Jazz Bass", "freeDelivery": false, "rating": null, "limited_edition": false, "available": true, "salePrice": "1999.00", "dateFrom": "2023-06-07", "dateTo": "2023-09-01", "category": [3], "images": [11], "tags": [13], "specifications": [4]}}, {"model": "products.productfull", "pk": 11, "fields": {"price": "900.00", "count": 1, "date": "2023-06-07T19:18:35.201Z", "title": "Danelectro DC59", "description": "Danelectro DC59", "fullDescription": "Danelectro DC59", "freeDelivery": false, "rating": null, "limited_edition": false, "available": true, "salePrice": null, "dateFrom": null, "dateTo": null, "category": [2, 4, 5], "images": [10], "tags": [3], "specifications": [4]}}, {"model": "products.productfull", "pk": 12, "fields": {"price": "2400.00", "count": 1, "date": "2023-06-07T19:19:18.047Z", "title": "Fender Precision Bass", "description": "Fender Precision Bass", "fullDescription": "Fender Precision Bass", "freeDelivery": false, "rating": null, "limited_edition": false, "available": true, "salePrice": "1999.00", "dateFrom": "2023-06-07", "dateTo": "2023-08-01", "category": [3], "images": [12], "tags": [12], "specifications": [4]}}, {"model": "products.review", "pk": 5, "fields": {"author": "aleks", "email": "aleks@aleks.ru", "text": "Fat sound", "rate": 5, "date": "2023-06-04T17:44:29.352Z", "product": 4}}, {"model": "products.review", "pk": 6, "fields": {"author": "Mark", "email": "mark@ya.ru", "text": "Good, but LP better", "rate": 4, "date": "2023-06-04T18:45:58.301Z", "product": 5}}, {"model": "products.review", "pk": 7, "fields": {"author": "bad guy", "email": "bad@bad.ru", "text": "Not good", "rate": 2, "date": "2023-06-04T18:46:31.548Z", "product": 5}}, {"model": "products.review", "pk": 8, "fields": {"author": "ASD", "email": "s@s.ru", "text": "New Review", "rate": 5, "date": "2023-06-07T19:14:30.289Z", "product": 5}}, {"model": "products.review", "pk": 9, "fields": {"author": "User", "email": "s@s.ru", "text": "Perfect!", "rate": 5, "date": "2023-06-17T15:28:22.575Z", "product": 6}}, {"model": "shop.basket", "pk": 1, "fields": {"user": 1}}, {"model": "shop.basket", "pk": 3, "fields": {"user": 12}}, {"model": "shop.basket", "pk": 4, "fields": {"user": null}}, {"model": "shop.basket", "pk": 5, "fields": {"user": null}}, {"model": "shop.basket", "pk": 6, "fields": {"user": null}}, {"model": "shop.basket", "pk": 7, "fields": {"user": null}}, {"model": "shop.basket", "pk": 8, "fields": {"user": null}}, {"model": "shop.basket", "pk": 9, "fields": {"user": null}}, {"model": "shop.basket", "pk": 10, "fields": {"user": null}}, {"model": "shop.basket", "pk": 11, "fields": {"user": null}}, {"model": "shop.basket", "pk": 12, "fields": {"user": null}}, {"model": "shop.basket", "pk": 13, "fields": {"user": null}}, {"model": "shop.basket", "pk": 14, "fields": {"user": null}}, {"model": "shop.basket", "pk": 15, "fields": {"user": null}}, {"model": "shop.basket", "pk": 16, "fields": {"user": null}}, {"model": "shop.basket", "pk": 17, "fields": {"user": null}}, {"model": "shop.basket", "pk": 18, "fields": {"user": null}}, {"model": "shop.basket", "pk": 19, "fields": {"user": null}}, {"model": "shop.basket", "pk": 20, "fields": {"user": null}}, {"model": "shop.basket", "pk": 21, "fields": {"user": null}}, {"model": "shop.basket", "pk": 22, "fields": {"user": null}}, {"model": "shop.basket", "pk": 23, "fields": {"user": null}}, {"model": "shop.basket", "pk": 24, "fields": {"user": null}}, {"model": "shop.basket", "pk": 25, "fields": {"user": null}}, {"model": "shop.basket", "pk": 26, "fields": {"user": null}}, {"model": "shop.basketitem", "pk": 65, "fields": {"basket": 5, "product": 11, "count": 1}}, {"model": "shop.basketitem", "pk": 66, "fields": {"basket": 6, "product": 11, "count": 1}}, {"model": "shop.basketitem", "pk": 67, "fields": {"basket": 7, "product": 5, "count": 1}}, {"model": "shop.basketitem", "pk": 68, "fields": {"basket": 8, "product": 5, "count": 1}}, {"model": "shop.basketitem", "pk": 69, "fields": {"basket": 9, "product": 5, "count": 1}}, {"model": "shop.basketitem", "pk": 70, "fields": {"basket": 10, "product": 5, "count": 1}}, {"model": "shop.basketitem", "pk": 71, "fields": {"basket": 11, "product": 5, "count": 1}}, {"model": "shop.basketitem", "pk": 72, "fields": {"basket": 12, "product": 5, "count": 1}}, {"model": "shop.basketitem", "pk": 73, "fields": {"basket": 13, "product": 5, "count": 1}}, {"model": "shop.basketitem", "pk": 74, "fields": {"basket": 14, "product": 5, "count": 1}}, {"model": "shop.basketitem", "pk": 75, "fields": {"basket": 15, "product": 11, "count": 1}}, {"model": "shop.basketitem", "pk": 76, "fields": {"basket": 16, "product": 11, "count": 1}}, {"model": "shop.basketitem", "pk": 77, "fields": {"basket": 17, "product": 11, "count": 1}}, {"model": "shop.basketitem", "pk": 78, "fields": {"basket": 18, "product": 11, "count": 1}}, {"model": "shop.basketitem", "pk": 79, "fields": {"basket": 19, "product": 11, "count": 1}}, {"model": "shop.basketitem", "pk": 80, "fields": {"basket": 20, "product": 5, "count": 1}}, {"model": "shop.basketitem", "pk": 81, "fields": {"basket": 21, "product": 5, "count": 1}}, {"model": "shop.basketitem", "pk": 82, "fields": {"basket": 22, "product": 11, "count": 1}}, {"model": "shop.basketitem", "pk": 83, "fields": {"basket": 23, "product": 11, "count": 1}}, {"model": "shop.basketitem", "pk": 84, "fields": {"basket": 24, "product": 11, "count": 1}}, {"model": "shop.basketitem", "pk": 85, "fields": {"basket": 25, "product": 11, "count": 1}}, {"model": "shop.basketitem", "pk": 88, "fields": {"basket": 26, "product": 5, "count": 1}}, {"model": "shop.basketitem", "pk": 89, "fields": {"basket": 26, "product": 8, "count": 1}}, {"model": "shop.order", "pk": 8, "fields": {"user": 1, "createdAt": "2023-06-17T15:01:10.926Z", "fullName": "admin", "email": "s@s.ru", "phone": "+712346717", "deliveryType": "ordinary", "paymentType": "online", "totalCost": "4800.00", "status": "payed", "city": "Moscow", "address": "Moscow", "products": [5, 8, 12]}}, {"model": "shop.order", "pk": 9, "fields": {"user": 12, "createdAt": "2023-06-17T15:41:57.893Z", "fullName": "User", "email": "test@test.ru", "phone": "+98261235678", "deliveryType": "ordinary", "paymentType": "online", "totalCost": "900.00", "status": "payed", "city": "Moscow", "address": "Moscow", "products": [11]}}, {"model": "shop.order", "pk": 10, "fields": {"user": 12, "createdAt": "2023-06-17T15:42:59.722Z", "fullName": "User", "email": "test@test.ru", "phone": "+98261235678", "deliveryType": "express", "paymentType": "online", "totalCost": "3405.00", "status": "payed", "city": "Moscow", "address": "Moscow", "products": [5, 8]}}, {"model": "shop.order", "pk": 11, "fields": {"user": 12, "createdAt": "2023-06-17T16:49:28.878Z", "fullName": "User", "email": "test@test.ru", "phone": "+98261235678", "deliveryType": "ordinary", "paymentType": "someone", "totalCost": "6000.00", "status": "payed", "city": null, "address": null, "products": [5]}}, {"model": "shop.payment", "pk": 5, "fields": {"order": 8, "number": "1231231231231232", "name": "FF", "month": "12", "year": "2023", "code": "987"}}, {"model": "shop.payment", "pk": 6, "fields": {"order": 9, "number": "1231231231231322", "name": "ff", "month": "12", "year": "23", "code": "232"}}, {"model": "shop.payment", "pk": 7, "fields": {"order": 10, "number": "4242424242424242", "name": "ff", "month": "12", "year": "23", "code": "123"}}, {"model": "shop.payment", "pk": 8, "fields": {"order": 11, "number": "9263712376152736", "name": "FF", "month": "12", "year": "2023", "code": "123"}}, {"model": "shop.orders", "pk": 149, "fields": {"user": 1, "orders": [8]}}, {"model": "shop.orders", "pk": 150, "fields": {"user": 12, "orders": [9, 10, 11]}}, {"model": "shop.discount", "pk": 1, "fields": {"express": "5.00", "regular": "2.00", "limit": "20.00"}}]